Priority,Focus Area,Current Performance,Target,Action Item,Status
1,Subscriber Conversion,0.7255139056831923,2.0,Add clear calls-to-action to subscribe (verbally + on screen),Not Started
1,Subscriber Conversion,0.7255139056831923,2.0,Explain the value of subscribing (what they'll get),Not Started
1,Subscriber Conversion,0.7255139056831923,2.0,Place subscribe prompts at high-engagement moments,Not Started
1,Subscriber Conversion,0.7255139056831923,2.0,Create content series that encourage subscription,Not Started
1,Subscriber Conversion,0.7255139056831923,2.0,End with a strong outro showcasing other videos,Not Started
2,Views Per Day,3.6993865030674846,9.471794871794872,"Optimize video SEO (title, description, tags)",Not Started
2,Views Per Day,3.6993865030674846,9.471794871794872,Share on relevant social media and communities,Not Started
2,Views Per Day,3.6993865030674846,9.471794871794872,Create content on trending/evergreen topics,Not Started
2,Views Per Day,3.6993865030674846,9.471794871794872,Improve search rankings with better keyword targeting,Not Started
2,Views Per Day,3.6993865030674846,9.471794871794872,Cross-promote in your other popular videos,Not Started
3,Click-Through Rate (CTR),2.89,5.0,"Create more compelling thumbnails with bold, readable text",Not Started
3,Click-Through Rate (CTR),2.89,5.0,Use faces showing emotion in thumbnails,Not Started
3,Click-Through Rate (CTR),2.89,5.0,Write titles that create curiosity or promise specific value,Not Started
3,Click-Through Rate (CTR),2.89,5.0,A/B test different thumbnail styles,Not Started
3,Click-Through Rate (CTR),2.89,5.0,Study what thumbnails competitors use for similar topics,Not Started
