Date,Content,Video title,Video publish time,Views
2024-01-21,NmpcKv91LLs,Raspberry Pi 5 Mastery: Create a Powerful Home Server/Home lab,"Jan 22, 2024",1018
2024-01-22,NmpcKv91LLs,Raspberry Pi 5 Mastery: Create a Powerful Home Server/Home lab,"Jan 22, 2024",692
2024-01-23,NmpcKv91LLs,Raspberry Pi 5 Mastery: Create a Powerful Home Server/Home lab,"Jan 22, 2024",490
2024-01-24,NmpcKv91LLs,Raspberry Pi 5 Mastery: Create a Powerful Home Server/Home lab,"Jan 22, 2024",486
2024-01-25,NmpcKv91LLs,Raspberry Pi 5 Mastery: Create a Powerful Home Server/Home lab,"Jan 22, 2024",358
2024-01-26,NmpcKv91LLs,Raspberry Pi 5 Mastery: Create a Powerful Home Server/Home lab,"Jan 22, 2024",405
2024-01-27,NmpcKv91LLs,Raspberry Pi 5 Mastery: Create a Powerful Home Server/Home lab,"Jan 22, 2024",648
2024-01-28,NmpcKv91LLs,Raspberry Pi 5 Mastery: Create a Powerful Home Server/Home lab,"Jan 22, 2024",641
2024-01-29,NmpcKv91LLs,Raspberry Pi 5 Mastery: Create a Powerful Home Server/Home lab,"Jan 22, 2024",610
2024-01-30,NmpcKv91LLs,Raspberry Pi 5 Mastery: Create a Powerful Home Server/Home lab,"Jan 22, 2024",457
2024-01-31,NmpcKv91LLs,Raspberry Pi 5 Mastery: Create a Powerful Home Server/Home lab,"Jan 22, 2024",448
2024-02-01,NmpcKv91LLs,Raspberry Pi 5 Mastery: Create a Powerful Home Server/Home lab,"Jan 22, 2024",228
2024-02-02,NmpcKv91LLs,Raspberry Pi 5 Mastery: Create a Powerful Home Server/Home lab,"Jan 22, 2024",280
2024-02-03,NmpcKv91LLs,Raspberry Pi 5 Mastery: Create a Powerful Home Server/Home lab,"Jan 22, 2024",415
2024-02-04,NmpcKv91LLs,Raspberry Pi 5 Mastery: Create a Powerful Home Server/Home lab,"Jan 22, 2024",358
2024-02-05,NmpcKv91LLs,Raspberry Pi 5 Mastery: Create a Powerful Home Server/Home lab,"Jan 22, 2024",251
2024-02-06,NmpcKv91LLs,Raspberry Pi 5 Mastery: Create a Powerful Home Server/Home lab,"Jan 22, 2024",209
2024-02-07,NmpcKv91LLs,Raspberry Pi 5 Mastery: Create a Powerful Home Server/Home lab,"Jan 22, 2024",173
2024-02-08,NmpcKv91LLs,Raspberry Pi 5 Mastery: Create a Powerful Home Server/Home lab,"Jan 22, 2024",182
2024-02-09,NmpcKv91LLs,Raspberry Pi 5 Mastery: Create a Powerful Home Server/Home lab,"Jan 22, 2024",222
2024-02-10,NmpcKv91LLs,Raspberry Pi 5 Mastery: Create a Powerful Home Server/Home lab,"Jan 22, 2024",196
2024-02-11,NmpcKv91LLs,Raspberry Pi 5 Mastery: Create a Powerful Home Server/Home lab,"Jan 22, 2024",143
2024-02-12,NmpcKv91LLs,Raspberry Pi 5 Mastery: Create a Powerful Home Server/Home lab,"Jan 22, 2024",204
2024-02-13,NmpcKv91LLs,Raspberry Pi 5 Mastery: Create a Powerful Home Server/Home lab,"Jan 22, 2024",162
2024-02-14,NmpcKv91LLs,Raspberry Pi 5 Mastery: Create a Powerful Home Server/Home lab,"Jan 22, 2024",119
2024-02-15,NmpcKv91LLs,Raspberry Pi 5 Mastery: Create a Powerful Home Server/Home lab,"Jan 22, 2024",133
2024-02-16,NmpcKv91LLs,Raspberry Pi 5 Mastery: Create a Powerful Home Server/Home lab,"Jan 22, 2024",143
2024-02-17,NmpcKv91LLs,Raspberry Pi 5 Mastery: Create a Powerful Home Server/Home lab,"Jan 22, 2024",156
2024-01-21,ZpWuKFOMV-I,Ultimate Pi Storage: Setting Up a Raspberry Pi 5 NAS with Pimoroni NVMe Base,"Jan 15, 2024",273
2024-01-22,ZpWuKFOMV-I,Ultimate Pi Storage: Setting Up a Raspberry Pi 5 NAS with Pimoroni NVMe Base,"Jan 15, 2024",268
2024-01-23,ZpWuKFOMV-I,Ultimate Pi Storage: Setting Up a Raspberry Pi 5 NAS with Pimoroni NVMe Base,"Jan 15, 2024",195
2024-01-24,ZpWuKFOMV-I,Ultimate Pi Storage: Setting Up a Raspberry Pi 5 NAS with Pimoroni NVMe Base,"Jan 15, 2024",286
2024-01-25,ZpWuKFOMV-I,Ultimate Pi Storage: Setting Up a Raspberry Pi 5 NAS with Pimoroni NVMe Base,"Jan 15, 2024",250
2024-01-26,ZpWuKFOMV-I,Ultimate Pi Storage: Setting Up a Raspberry Pi 5 NAS with Pimoroni NVMe Base,"Jan 15, 2024",150
2024-01-27,ZpWuKFOMV-I,Ultimate Pi Storage: Setting Up a Raspberry Pi 5 NAS with Pimoroni NVMe Base,"Jan 15, 2024",265
2024-01-28,ZpWuKFOMV-I,Ultimate Pi Storage: Setting Up a Raspberry Pi 5 NAS with Pimoroni NVMe Base,"Jan 15, 2024",249
2024-01-29,ZpWuKFOMV-I,Ultimate Pi Storage: Setting Up a Raspberry Pi 5 NAS with Pimoroni NVMe Base,"Jan 15, 2024",205
2024-01-30,ZpWuKFOMV-I,Ultimate Pi Storage: Setting Up a Raspberry Pi 5 NAS with Pimoroni NVMe Base,"Jan 15, 2024",157
2024-01-31,ZpWuKFOMV-I,Ultimate Pi Storage: Setting Up a Raspberry Pi 5 NAS with Pimoroni NVMe Base,"Jan 15, 2024",153
2024-02-01,ZpWuKFOMV-I,Ultimate Pi Storage: Setting Up a Raspberry Pi 5 NAS with Pimoroni NVMe Base,"Jan 15, 2024",155
2024-02-02,ZpWuKFOMV-I,Ultimate Pi Storage: Setting Up a Raspberry Pi 5 NAS with Pimoroni NVMe Base,"Jan 15, 2024",187
2024-02-03,ZpWuKFOMV-I,Ultimate Pi Storage: Setting Up a Raspberry Pi 5 NAS with Pimoroni NVMe Base,"Jan 15, 2024",135
2024-02-04,ZpWuKFOMV-I,Ultimate Pi Storage: Setting Up a Raspberry Pi 5 NAS with Pimoroni NVMe Base,"Jan 15, 2024",141
2024-02-05,ZpWuKFOMV-I,Ultimate Pi Storage: Setting Up a Raspberry Pi 5 NAS with Pimoroni NVMe Base,"Jan 15, 2024",176
2024-02-06,ZpWuKFOMV-I,Ultimate Pi Storage: Setting Up a Raspberry Pi 5 NAS with Pimoroni NVMe Base,"Jan 15, 2024",173
2024-02-07,ZpWuKFOMV-I,Ultimate Pi Storage: Setting Up a Raspberry Pi 5 NAS with Pimoroni NVMe Base,"Jan 15, 2024",183
2024-02-08,ZpWuKFOMV-I,Ultimate Pi Storage: Setting Up a Raspberry Pi 5 NAS with Pimoroni NVMe Base,"Jan 15, 2024",169
2024-02-09,ZpWuKFOMV-I,Ultimate Pi Storage: Setting Up a Raspberry Pi 5 NAS with Pimoroni NVMe Base,"Jan 15, 2024",236
2024-02-10,ZpWuKFOMV-I,Ultimate Pi Storage: Setting Up a Raspberry Pi 5 NAS with Pimoroni NVMe Base,"Jan 15, 2024",128
2024-02-11,ZpWuKFOMV-I,Ultimate Pi Storage: Setting Up a Raspberry Pi 5 NAS with Pimoroni NVMe Base,"Jan 15, 2024",120
2024-02-12,ZpWuKFOMV-I,Ultimate Pi Storage: Setting Up a Raspberry Pi 5 NAS with Pimoroni NVMe Base,"Jan 15, 2024",115
2024-02-13,ZpWuKFOMV-I,Ultimate Pi Storage: Setting Up a Raspberry Pi 5 NAS with Pimoroni NVMe Base,"Jan 15, 2024",148
2024-02-14,ZpWuKFOMV-I,Ultimate Pi Storage: Setting Up a Raspberry Pi 5 NAS with Pimoroni NVMe Base,"Jan 15, 2024",143
2024-02-15,ZpWuKFOMV-I,Ultimate Pi Storage: Setting Up a Raspberry Pi 5 NAS with Pimoroni NVMe Base,"Jan 15, 2024",128
2024-02-16,ZpWuKFOMV-I,Ultimate Pi Storage: Setting Up a Raspberry Pi 5 NAS with Pimoroni NVMe Base,"Jan 15, 2024",154
2024-02-17,ZpWuKFOMV-I,Ultimate Pi Storage: Setting Up a Raspberry Pi 5 NAS with Pimoroni NVMe Base,"Jan 15, 2024",165
2024-01-21,dfquulcbD7M,"Raspberry Pi 5 Projects, you have to make","Oct 16, 2023",171
2024-01-22,dfquulcbD7M,"Raspberry Pi 5 Projects, you have to make","Oct 16, 2023",189
2024-01-23,dfquulcbD7M,"Raspberry Pi 5 Projects, you have to make","Oct 16, 2023",128
2024-01-24,dfquulcbD7M,"Raspberry Pi 5 Projects, you have to make","Oct 16, 2023",108
2024-01-25,dfquulcbD7M,"Raspberry Pi 5 Projects, you have to make","Oct 16, 2023",122
2024-01-26,dfquulcbD7M,"Raspberry Pi 5 Projects, you have to make","Oct 16, 2023",125
2024-01-27,dfquulcbD7M,"Raspberry Pi 5 Projects, you have to make","Oct 16, 2023",144
2024-01-28,dfquulcbD7M,"Raspberry Pi 5 Projects, you have to make","Oct 16, 2023",141
2024-01-29,dfquulcbD7M,"Raspberry Pi 5 Projects, you have to make","Oct 16, 2023",118
2024-01-30,dfquulcbD7M,"Raspberry Pi 5 Projects, you have to make","Oct 16, 2023",103
2024-01-31,dfquulcbD7M,"Raspberry Pi 5 Projects, you have to make","Oct 16, 2023",97
2024-02-01,dfquulcbD7M,"Raspberry Pi 5 Projects, you have to make","Oct 16, 2023",111
2024-02-02,dfquulcbD7M,"Raspberry Pi 5 Projects, you have to make","Oct 16, 2023",131
2024-02-03,dfquulcbD7M,"Raspberry Pi 5 Projects, you have to make","Oct 16, 2023",127
2024-02-04,dfquulcbD7M,"Raspberry Pi 5 Projects, you have to make","Oct 16, 2023",132
2024-02-05,dfquulcbD7M,"Raspberry Pi 5 Projects, you have to make","Oct 16, 2023",133
2024-02-06,dfquulcbD7M,"Raspberry Pi 5 Projects, you have to make","Oct 16, 2023",162
2024-02-07,dfquulcbD7M,"Raspberry Pi 5 Projects, you have to make","Oct 16, 2023",126
2024-02-08,dfquulcbD7M,"Raspberry Pi 5 Projects, you have to make","Oct 16, 2023",106
2024-02-09,dfquulcbD7M,"Raspberry Pi 5 Projects, you have to make","Oct 16, 2023",121
2024-02-10,dfquulcbD7M,"Raspberry Pi 5 Projects, you have to make","Oct 16, 2023",139
2024-02-11,dfquulcbD7M,"Raspberry Pi 5 Projects, you have to make","Oct 16, 2023",108
2024-02-12,dfquulcbD7M,"Raspberry Pi 5 Projects, you have to make","Oct 16, 2023",132
2024-02-13,dfquulcbD7M,"Raspberry Pi 5 Projects, you have to make","Oct 16, 2023",108
2024-02-14,dfquulcbD7M,"Raspberry Pi 5 Projects, you have to make","Oct 16, 2023",88
2024-02-15,dfquulcbD7M,"Raspberry Pi 5 Projects, you have to make","Oct 16, 2023",88
2024-02-16,dfquulcbD7M,"Raspberry Pi 5 Projects, you have to make","Oct 16, 2023",119
2024-02-17,dfquulcbD7M,"Raspberry Pi 5 Projects, you have to make","Oct 16, 2023",113
2024-01-21,jJKbYj8mIy8,Private AI Revolution: Setting Up Ollama with WebUI on Raspberry Pi 5!,"Jan 29, 2024",0
2024-01-22,jJKbYj8mIy8,Private AI Revolution: Setting Up Ollama with WebUI on Raspberry Pi 5!,"Jan 29, 2024",0
2024-01-23,jJKbYj8mIy8,Private AI Revolution: Setting Up Ollama with WebUI on Raspberry Pi 5!,"Jan 29, 2024",0
2024-01-24,jJKbYj8mIy8,Private AI Revolution: Setting Up Ollama with WebUI on Raspberry Pi 5!,"Jan 29, 2024",0
2024-01-25,jJKbYj8mIy8,Private AI Revolution: Setting Up Ollama with WebUI on Raspberry Pi 5!,"Jan 29, 2024",0
2024-01-26,jJKbYj8mIy8,Private AI Revolution: Setting Up Ollama with WebUI on Raspberry Pi 5!,"Jan 29, 2024",0
2024-01-27,jJKbYj8mIy8,Private AI Revolution: Setting Up Ollama with WebUI on Raspberry Pi 5!,"Jan 29, 2024",0
2024-01-28,jJKbYj8mIy8,Private AI Revolution: Setting Up Ollama with WebUI on Raspberry Pi 5!,"Jan 29, 2024",707
2024-01-29,jJKbYj8mIy8,Private AI Revolution: Setting Up Ollama with WebUI on Raspberry Pi 5!,"Jan 29, 2024",934
2024-01-30,jJKbYj8mIy8,Private AI Revolution: Setting Up Ollama with WebUI on Raspberry Pi 5!,"Jan 29, 2024",1039
2024-01-31,jJKbYj8mIy8,Private AI Revolution: Setting Up Ollama with WebUI on Raspberry Pi 5!,"Jan 29, 2024",1529
2024-02-01,jJKbYj8mIy8,Private AI Revolution: Setting Up Ollama with WebUI on Raspberry Pi 5!,"Jan 29, 2024",1567
2024-02-02,jJKbYj8mIy8,Private AI Revolution: Setting Up Ollama with WebUI on Raspberry Pi 5!,"Jan 29, 2024",1018
2024-02-03,jJKbYj8mIy8,Private AI Revolution: Setting Up Ollama with WebUI on Raspberry Pi 5!,"Jan 29, 2024",2217
2024-02-04,jJKbYj8mIy8,Private AI Revolution: Setting Up Ollama with WebUI on Raspberry Pi 5!,"Jan 29, 2024",1825
2024-02-05,jJKbYj8mIy8,Private AI Revolution: Setting Up Ollama with WebUI on Raspberry Pi 5!,"Jan 29, 2024",2126
2024-02-06,jJKbYj8mIy8,Private AI Revolution: Setting Up Ollama with WebUI on Raspberry Pi 5!,"Jan 29, 2024",809
2024-02-07,jJKbYj8mIy8,Private AI Revolution: Setting Up Ollama with WebUI on Raspberry Pi 5!,"Jan 29, 2024",1129
2024-02-08,jJKbYj8mIy8,Private AI Revolution: Setting Up Ollama with WebUI on Raspberry Pi 5!,"Jan 29, 2024",680
2024-02-09,jJKbYj8mIy8,Private AI Revolution: Setting Up Ollama with WebUI on Raspberry Pi 5!,"Jan 29, 2024",640
2024-02-10,jJKbYj8mIy8,Private AI Revolution: Setting Up Ollama with WebUI on Raspberry Pi 5!,"Jan 29, 2024",315
2024-02-11,jJKbYj8mIy8,Private AI Revolution: Setting Up Ollama with WebUI on Raspberry Pi 5!,"Jan 29, 2024",234
2024-02-12,jJKbYj8mIy8,Private AI Revolution: Setting Up Ollama with WebUI on Raspberry Pi 5!,"Jan 29, 2024",229
2024-02-13,jJKbYj8mIy8,Private AI Revolution: Setting Up Ollama with WebUI on Raspberry Pi 5!,"Jan 29, 2024",171
2024-02-14,jJKbYj8mIy8,Private AI Revolution: Setting Up Ollama with WebUI on Raspberry Pi 5!,"Jan 29, 2024",121
2024-02-15,jJKbYj8mIy8,Private AI Revolution: Setting Up Ollama with WebUI on Raspberry Pi 5!,"Jan 29, 2024",164
2024-02-16,jJKbYj8mIy8,Private AI Revolution: Setting Up Ollama with WebUI on Raspberry Pi 5!,"Jan 29, 2024",135
2024-02-17,jJKbYj8mIy8,Private AI Revolution: Setting Up Ollama with WebUI on Raspberry Pi 5!,"Jan 29, 2024",134
2024-01-21,tDENgLiJSh0,Creating a Supercomputer with a Raspberry Pi 5 Cluster and Docker Swarm!,"Feb 5, 2024",0
2024-01-22,tDENgLiJSh0,Creating a Supercomputer with a Raspberry Pi 5 Cluster and Docker Swarm!,"Feb 5, 2024",0
2024-01-23,tDENgLiJSh0,Creating a Supercomputer with a Raspberry Pi 5 Cluster and Docker Swarm!,"Feb 5, 2024",0
2024-01-24,tDENgLiJSh0,Creating a Supercomputer with a Raspberry Pi 5 Cluster and Docker Swarm!,"Feb 5, 2024",0
2024-01-25,tDENgLiJSh0,Creating a Supercomputer with a Raspberry Pi 5 Cluster and Docker Swarm!,"Feb 5, 2024",0
2024-01-26,tDENgLiJSh0,Creating a Supercomputer with a Raspberry Pi 5 Cluster and Docker Swarm!,"Feb 5, 2024",0
2024-01-27,tDENgLiJSh0,Creating a Supercomputer with a Raspberry Pi 5 Cluster and Docker Swarm!,"Feb 5, 2024",0
2024-01-28,tDENgLiJSh0,Creating a Supercomputer with a Raspberry Pi 5 Cluster and Docker Swarm!,"Feb 5, 2024",0
2024-01-29,tDENgLiJSh0,Creating a Supercomputer with a Raspberry Pi 5 Cluster and Docker Swarm!,"Feb 5, 2024",0
2024-01-30,tDENgLiJSh0,Creating a Supercomputer with a Raspberry Pi 5 Cluster and Docker Swarm!,"Feb 5, 2024",0
2024-01-31,tDENgLiJSh0,Creating a Supercomputer with a Raspberry Pi 5 Cluster and Docker Swarm!,"Feb 5, 2024",0
2024-02-01,tDENgLiJSh0,Creating a Supercomputer with a Raspberry Pi 5 Cluster and Docker Swarm!,"Feb 5, 2024",0
2024-02-02,tDENgLiJSh0,Creating a Supercomputer with a Raspberry Pi 5 Cluster and Docker Swarm!,"Feb 5, 2024",0
2024-02-03,tDENgLiJSh0,Creating a Supercomputer with a Raspberry Pi 5 Cluster and Docker Swarm!,"Feb 5, 2024",0
2024-02-04,tDENgLiJSh0,Creating a Supercomputer with a Raspberry Pi 5 Cluster and Docker Swarm!,"Feb 5, 2024",1054
2024-02-05,tDENgLiJSh0,Creating a Supercomputer with a Raspberry Pi 5 Cluster and Docker Swarm!,"Feb 5, 2024",2474
2024-02-06,tDENgLiJSh0,Creating a Supercomputer with a Raspberry Pi 5 Cluster and Docker Swarm!,"Feb 5, 2024",1075
2024-02-07,tDENgLiJSh0,Creating a Supercomputer with a Raspberry Pi 5 Cluster and Docker Swarm!,"Feb 5, 2024",461
2024-02-08,tDENgLiJSh0,Creating a Supercomputer with a Raspberry Pi 5 Cluster and Docker Swarm!,"Feb 5, 2024",605
2024-02-09,tDENgLiJSh0,Creating a Supercomputer with a Raspberry Pi 5 Cluster and Docker Swarm!,"Feb 5, 2024",602
2024-02-10,tDENgLiJSh0,Creating a Supercomputer with a Raspberry Pi 5 Cluster and Docker Swarm!,"Feb 5, 2024",493
2024-02-11,tDENgLiJSh0,Creating a Supercomputer with a Raspberry Pi 5 Cluster and Docker Swarm!,"Feb 5, 2024",445
2024-02-12,tDENgLiJSh0,Creating a Supercomputer with a Raspberry Pi 5 Cluster and Docker Swarm!,"Feb 5, 2024",284
2024-02-13,tDENgLiJSh0,Creating a Supercomputer with a Raspberry Pi 5 Cluster and Docker Swarm!,"Feb 5, 2024",274
2024-02-14,tDENgLiJSh0,Creating a Supercomputer with a Raspberry Pi 5 Cluster and Docker Swarm!,"Feb 5, 2024",217
2024-02-15,tDENgLiJSh0,Creating a Supercomputer with a Raspberry Pi 5 Cluster and Docker Swarm!,"Feb 5, 2024",137
2024-02-16,tDENgLiJSh0,Creating a Supercomputer with a Raspberry Pi 5 Cluster and Docker Swarm!,"Feb 5, 2024",171
2024-02-17,tDENgLiJSh0,Creating a Supercomputer with a Raspberry Pi 5 Cluster and Docker Swarm!,"Feb 5, 2024",217
