Video title,Views,Watch time (hours),Subscribers,Estimated revenue (GBP),performance_score,cluster,cluster_name,keyword_string
Build Your Own AI Assistant Part 1 - Creating the Assistant,122706.0,8443.1417,2794.0,425.883,0.7841582957987685,4,ðŸŒŸ Star Performers (High Engagement),"build, assistant, part, assistant"
"Node-Red Automation, MQTT, NodeMCU & MicroPython",54610.0,7699.5005,919.0,195.374,0.4463739041113342,2,âœ… Solid Performers,"node, red, automation, mqtt, nodemcu, micropython"
Build your own web server using a Raspberry Pi Pico W using Phew!,50652.0,7095.1844,722.0,237.04,0.4277868851467195,2,âœ… Solid Performers,"build, web, server, raspberry, pico, phew"
Creating a Supercomputer with a Raspberry Pi 5 Cluster and Docker Swarm!,63065.0,6571.4059,823.0,228.882,0.4611058386935518,2,âœ… Solid Performers,"supercomputer, raspberry, cluster, docker, swarm"
How to Design PCBs with Fusion 360 in less than 1 hour,34504.0,5882.6747,399.0,220.562,0.345816436353291,2,âœ… Solid Performers,"design, pcbs, fusion, less, hour"
Control Arduino with  Python using Firmata / PyFirmata,89539.0,5443.2818,1113.0,217.496,0.4838298673893841,2,âœ… Solid Performers,"control, arduino, python, firmata, pyfirmata"
Raspberry Pi 5 Mastery: Create a Powerful Home Server/Home lab,42402.0,4356.0684,629.0,160.285,0.32790931228417286,2,âœ… Solid Performers,"raspberry, mastery, powerful, home, server, home, lab"
"Raspberry Pi 5 Projects, you have to make",54918.0,4231.5275,602.0,187.339,0.36248718869329033,2,âœ… Solid Performers,"raspberry, projects"
Is the new Raspberry Pi AI Kit better than Google Coral?,142146.0,4198.0896,1040.0,268.427,0.5919601375303284,2,âœ… Solid Performers,"raspberry, kit, better, google, coral"
"Micropython Threads - Use Both Cores, on Raspberry Pi Pico and ESP32",26792.0,3798.7758,451.0,90.848,0.23740844387383583,0,ðŸ”„ Growing Videos,"micropython, threads, both, cores, raspberry, pico"
"How to Map with LiDAR - using a Raspberry Pi Zero 2W, RPLidar and Rviz",68445.0,3671.1313,881.0,170.795,0.3749843805989331,2,âœ… Solid Performers,"map, lidar, raspberry, zero, rplidar, rviz"
Private AI Revolution: Setting Up Ollama with WebUI on Raspberry Pi 5!,39370.0,3382.7911,944.0,103.244,0.3031898663226515,2,âœ… Solid Performers,"private, revolution, ollama, webui, raspberry"
How to make a Bluetooth remote using a Raspberry Pi Pico W and MicroPython,29849.0,2833.1498,409.0,119.464,0.22873524278157345,0,ðŸ”„ Growing Videos,"bluetooth, remote, raspberry, pico, micropython"
LEARNING PYTHON - INTRODUCTION - for Raspberry Pi Python Robots,40887.0,2826.4309,732.0,102.807,0.29180419110507655,2,âœ… Solid Performers,"python, raspberry, python, robots"
Ultimate Pi Storage: Setting Up a Raspberry Pi 5 NAS with Pimoroni NVMe Base,25695.0,2722.096,294.0,81.769,0.19989652410776854,0,ðŸ”„ Growing Videos,"storage, raspberry, nas, pimoroni, nvme, base"
Eben Upton on the new Raspberry Pi 5,13218.0,2581.9053,122.0,53.283,0.1400465425420006,0,ðŸ”„ Growing Videos,"eben, upton, raspberry"
10 Raspberry Pi Pico project ideas to get you started,27983.0,2580.1394,277.0,118.888,0.22424411664427418,0,ðŸ”„ Growing Videos,"raspberry, pico, project, ideas"
Arduino Uno Q - hands on,23905.0,2557.6639,365.0,90.003,0.30923275243350706,2,âœ… Solid Performers,"arduino, uno, hands"
Learn ROS with me - Setting up the Raspberry Pi,27580.0,2343.4203,496.0,83.054,0.2194318818440199,0,ðŸ”„ Growing Videos,"ros, raspberry"
Moving from Arduino to MicroPython - 10 Things you need to know.,29962.0,2302.6356,297.0,97.25,0.20278626407071548,0,ðŸ”„ Growing Videos,"moving, arduino, micropython, things"
Learn MicroPython - Part 1 Controlling the flow,27050.0,2287.3398,665.0,87.662,0.2263675324548656,0,ðŸ”„ Growing Videos,"micropython, part, controlling, flow"
Raspberry Pi AI Camera - Deep Dive,19148.0,2110.0864,349.0,78.033,0.18613826695364538,0,ðŸ”„ Growing Videos,"raspberry, camera, deep, dive"
Raspberry Pi Pico & MPU9250 with MicroPython,17142.0,2009.497,210.0,57.248,0.1521881376889748,0,ðŸ”„ Growing Videos,"raspberry, pico, micropython"
"Using the Raspberry Pi Pico, PCA9685 and MicroPython for Robotics",16520.0,1937.0658,236.0,54.335,0.15081504858949513,0,ðŸ”„ Growing Videos,"raspberry, pico, micropython, robotics"
Inverse Kinematics in Python and MicroPython,25618.0,1912.5422,523.0,59.358,0.1983041368582409,0,ðŸ”„ Growing Videos,"inverse, kinematics, python, micropython"
Home Automation with Python and Home Assistant,20623.0,1784.3295,208.0,71.218,0.16878213046414908,0,ðŸ”„ Growing Videos,"home, automation, python, home, assistant"
Installing ROS on a Raspberry Pi 4/400,24258.0,1763.8092,313.0,49.078,0.17166373649114508,0,ðŸ”„ Growing Videos,"ros, raspberry"
How to create Databases in Python with SQLite,14307.0,1651.9714,329.0,48.747,0.14995741757615474,0,ðŸ”„ Growing Videos,"databases, python, sqlite"
How to design and make a robot,17539.0,1628.8259,325.0,52.228,0.1569709620206799,0,ðŸ”„ Growing Videos,"design, robot"
Design Your Own Eye Mechanism in Fusion 360,11472.0,1579.4862,188.0,43.514,0.1375537520931071,0,ðŸ”„ Growing Videos,"design, eye, mechanism, fusion"
How to build a captive portal with MicroPython - the easiest way EVER!,13054.0,1572.1682,211.0,45.467,0.13245806859467055,0,ðŸ”„ Growing Videos,"build, captive, portal, micropython, easiest, ever"
Raspberry Pi Pico & RFID,16815.0,1561.7865,155.0,57.334,0.1376370282813648,0,ðŸ”„ Growing Videos,"raspberry, pico, rfid"
Raspberry Pi Pico & Bluetooth,15378.0,1541.1468,157.0,52.109,0.12798501309653362,0,ðŸ”„ Growing Videos,"raspberry, pico, bluetooth"
Raspberry Pi 5 - How fast is OpenCV Face detection?,22003.0,1536.5426,322.0,57.09,0.17007652784125782,0,ðŸ”„ Growing Videos,"raspberry, opencv, face, detection"
Raspberry Pi Pico & SSD1306 Display with MicroPython,11429.0,1463.0177,181.0,17.384,0.11256569266073439,0,ðŸ”„ Growing Videos,"raspberry, pico, display, micropython"
Jetson Nano Custom Object Detection - how to train your own AI,19613.0,1432.4233,258.0,56.816,0.14704825541869324,0,ðŸ”„ Growing Videos,"jetson, nano, custom, object, detection, train"
Raspberry Pi 16Gb - what this means for running LLM - Deep Dive,13818.0,1409.0971,140.0,45.495,0.134352458369852,0,ðŸ”„ Growing Videos,"raspberry, means, llm, deep, dive"
ESP32CAM for Robotics - MicroPython and SMARS,28406.0,1391.6183,230.0,37.236,0.15544413819996314,0,ðŸ”„ Growing Videos,"robotics, micropython, smars"
Raspberry Pi 4 & VS Code,32192.0,1383.5225,210.0,64.145,0.1866875853476657,0,ðŸ”„ Growing Videos,"raspberry, code"
"How to Draw Graphics with MicroPython, and PicoGraphics",8626.0,1377.7645,119.0,108.812,0.13161534277816583,0,ðŸ”„ Growing Videos,"draw, graphics, micropython, picographics"
Raspberry Pi Pico and the nRF24L01 radio module - how to get this working with MicroPython,32129.0,1345.0232,242.0,76.968,0.18212070536960787,0,ðŸ”„ Growing Videos,"raspberry, pico, radio, module, micropython"
Is the Raspberry Pi High-Quality Camera worth it? & Build your own Camera,21427.0,1283.5301,194.0,40.655,0.13700647875369484,0,ðŸ”„ Growing Videos,"raspberry, quality, camera, worth, build, camera"
Raspberry Pi Pico Wifi Module - how to add Wifi to your Pico Projects,35640.0,1261.6985,296.0,74.303,0.19149506780407585,0,ðŸ”„ Growing Videos,"raspberry, pico, wifi, module, add, wifi, pico, projects"
Virtual Pet Code in MicroPython on the Raspberry Pi Pico - Pico-Tamachibi,15665.0,1241.4943,209.0,64.02,0.14361306174485228,0,ðŸ”„ Growing Videos,"virtual, pet, code, micropython, raspberry, pico, pico, tamachibi"
An introduction to ROS the Robot Operating System,20331.0,1218.3381,317.0,46.53,0.14614060267285472,0,ðŸ”„ Growing Videos,"ros, robot, operating, system"
18 Raspberry Pi Pico Projects to get you Started,11751.0,1203.928,113.0,51.124,0.11558096721350808,0,ðŸ”„ Growing Videos,"raspberry, pico, projects"
Raspberry Pi 500 and Monitor Deep Dive & Hands On,7760.0,1197.7584,38.0,49.441,0.09527770159237753,3,ðŸ“‰ Underperformers,"raspberry, monitor, deep, dive, hands"
Raspberry Pi 5 - Hands on Livestream,5451.0,1182.0251,65.0,23.279,0.08304176193152107,3,ðŸ“‰ Underperformers,"raspberry, hands, livestream"
Build a ROS robot - Learn ROS with me Part 1,15595.0,1173.4978,375.0,53.543,0.15947533185695997,0,ðŸ”„ Growing Videos,"build, ros, robot, ros, part"
How to use an Xbox Controller with your Robot,30429.0,1165.1743,203.0,68.682,0.17541430625509144,0,ðŸ”„ Growing Videos,"xbox, controller, robot"
Install MicroPython on ESP8266 & ESP32,41688.0,1146.4077,251.0,57.266,0.1940708355515241,0,ðŸ”„ Growing Videos,micropython
"Learn MicroPython - Part 2 If, Else & Data Types",9923.0,1118.1224,105.0,28.554,0.09619346107740957,0,ðŸ”„ Growing Videos,"micropython, part, else, data, types"
How to use DeepSeek on Raspberry Pi with Python - it's INSANE!,8712.0,1098.6327,109.0,26.97,0.10591322711245545,0,ðŸ”„ Growing Videos,"deepseek, raspberry, python, insane"
Raspberry Pi Pico W - the new Raspberry Pi Pico with Wifi,16851.0,1076.7157,345.0,35.999,0.13736682998900512,0,ðŸ”„ Growing Videos,"raspberry, pico, raspberry, pico, wifi"
Two-way Bluetooth with Raspberry Pi Pico W and MicroPython (Re-upload),12152.0,1060.2538,101.0,47.074,0.1116930176606099,0,ðŸ”„ Growing Videos,"two, bluetooth, raspberry, pico, micropython, upload"
Compute Module 4 & IO Board - Worth it?,17513.0,985.3088,62.0,54.211,0.11885790074327075,0,ðŸ”„ Growing Videos,"compute, module, board, worth"
"Cray-1 Raspberry Pi Supercomputer, but how fast and why? - Part 4",21542.0,947.928,164.0,43.651,0.13265918946796076,0,ðŸ”„ Growing Videos,"cray, raspberry, supercomputer, part"
Chris Barnatt on the new Raspberry Pi 5,9477.0,947.7704,89.0,17.531,0.08759219036967318,0,ðŸ”„ Growing Videos,"chris, barnatt, raspberry"
Raspberry Pi Zero Thermal Printer fun project,26623.0,946.2891,94.0,63.678,0.14679719956076184,0,ðŸ”„ Growing Videos,"raspberry, zero, thermal, printer, fun, project"
Arduino C++ vs MicroPython Smackdown,10165.0,908.8619,95.0,32.535,0.10342766459209697,0,ðŸ”„ Growing Videos,"arduino, micropython, smackdown"
Raspberry Pi Pico GamePad - making your own Bluetooth Remote,3341.0,882.5923,5.0,15.532,0.053177412647455846,3,ðŸ“‰ Underperformers,"raspberry, pico, gamepad, bluetooth, remote"
Arduino Uno Q - does it beat the Raspberry Pi?,7154.0,851.9903,66.0,132.296,0.15693580943802585,0,ðŸ”„ Growing Videos,"arduino, uno, beat, raspberry"
Building the World's Most Advanced Wrist Computer - Is Pi-PipBoy the Future?,16476.0,824.4558,150.0,40.053,0.12808546753741532,0,ðŸ”„ Growing Videos,"world, wrist, computer, pipboy, future"
Raspberry Pi Pico & VL53L0X for MicroPython,10390.0,817.3977,141.0,26.172,0.10442481187623444,0,ðŸ”„ Growing Videos,"raspberry, pico, micropython"
DO THIS to connect two Picos together - to Pico Communication via UART,18713.0,802.5529,129.0,42.3,0.11398549942046357,0,ðŸ”„ Growing Videos,"connect, two, picos, together, pico, communication, via, uart"
The new Raspberry Pi Debug Probe,22573.0,785.4756,105.0,49.101,0.13681181549978533,0,ðŸ”„ Growing Videos,"raspberry, debug, probe"
Learn MicroPython part 4 - Object Oriented Programming in MicroPython,4802.0,775.7692,54.0,24.233,0.08326888171653507,3,ðŸ“‰ Underperformers,"micropython, part, object, oriented, programming, micropython"
Pimoroni Enviro Lineup Review - worth the upgrade?,5335.0,768.4735,81.0,29.069,0.08688746839602363,3,ðŸ“‰ Underperformers,"pimoroni, enviro, lineup, review, worth, upgrade"
Face Detection using OpenCV using a Raspberry Pi Zero,13413.0,760.7847,144.0,29.288,0.10343669200873568,0,ðŸ”„ Growing Videos,"face, detection, opencv, raspberry, zero"
How to render a Fusion 360 Animation in Blender,14430.0,755.3435,133.0,33.398,0.1032326023304619,0,ðŸ”„ Growing Videos,"render, fusion, animation, blender"
The Ultimate Beginners Guide to Pandas for Python,3063.0,743.7076,58.0,43.53,0.08106647270338249,3,ðŸ“‰ Underperformers,"beginners, pandas, python"
Visual Studio Code setup for Raspberry Pi Pico,21664.0,738.4625,92.0,34.238,0.12969211488137583,0,ðŸ”„ Growing Videos,"visual, studio, code, setup, raspberry, pico"
Learn ROS with me - Playing with ROS,6839.0,737.8021,62.0,24.865,0.08288747358699523,3,ðŸ“‰ Underperformers,"ros, playing, ros"
UGREEN NAS DXP4800 plus - The NAS I should have bought,10400.0,729.8,39.0,34.105,0.12172573002135481,0,ðŸ”„ Growing Videos,"ugreen, nas, plus, nas, bought"
Raspberry Pi Pico for Robotics,5612.0,726.5559,103.0,8.238,0.07369241565219525,3,ðŸ“‰ Underperformers,"raspberry, pico, robotics"
"How to run Python programs at startup, on Raspberry Pi",17241.0,704.963,113.0,34.207,0.1059183632339058,0,ðŸ”„ Growing Videos,"python, programs, startup, raspberry"
Build Your Own AI Assistant Part 2 - To Do lists!,19002.0,701.2601,135.0,9.932,0.10816248314003059,0,ðŸ”„ Growing Videos,"build, assistant, part, lists"
Learn MicroPython - Part 3 Loops and Operators,6811.0,698.8538,75.0,19.001,0.07574875870311336,3,ðŸ“‰ Underperformers,"micropython, part, loops, operators"
MicroPython & Wifi,5613.0,697.9517,79.0,13.8,0.0768742152658134,3,ðŸ“‰ Underperformers,"micropython, wifi"
Rotary Display Menu for Raspberry Pi Pico in MicroPython,19281.0,683.8564,327.0,35.426,0.13286113959386833,0,ðŸ”„ Growing Videos,"rotary, display, menu, raspberry, pico, micropython"
Managing files on the Pico with MicroPython,16811.0,680.727,105.0,43.219,0.10024459104207267,1,ðŸ“‰ Underperformers,"managing, files, pico, micropython"
The new Raspberry pi 500 & Monitor secrets finally revealed,16138.0,666.3992,79.0,27.508,0.09586200641973908,1,ðŸ“‰ Underperformers,"raspberry, monitor, secrets, finally, revealed"
How to add Wireless Charging to your Robot projects (it's so easy),16917.0,665.1238,161.0,47.19,0.118080972159648,0,ðŸ”„ Growing Videos,"add, wireless, charging, robot, projects"
Raspberry Pi Pico W Robot - Hacking Big Mouth Billy Bass,9382.0,649.073,117.0,46.793,0.09159974416820534,0,ðŸ”„ Growing Videos,"raspberry, pico, robot, hacking, mouth, billy, bass"
Python for Robotics - Beyond Basics,11651.0,642.9373,205.0,37.827,0.10669311542333561,0,ðŸ”„ Growing Videos,"python, robotics, beyond, basics"
Build Your Own AI Assistant Part 3 - Object Classification with Python,9115.0,642.2113,125.0,28.439,0.09502181382453435,0,ðŸ”„ Growing Videos,"build, assistant, part, object, classification, python"
Raspberry Pi AI Camera Module,33355.0,641.8691,222.0,47.743,0.1615284088763732,0,ðŸ”„ Growing Videos,"raspberry, camera, module"
SMARS: The Ultimate Robot for beginners,8004.0,639.9732,85.0,25.148,0.07267694175772127,3,ðŸ“‰ Underperformers,"smars, robot, beginners"
Is the Pironman 5 the best Case for Raspberry Pi 5?,6747.0,630.3364,46.0,21.968,0.07167544786664194,3,ðŸ“‰ Underperformers,"pironman, case, raspberry"
Make your own GhostBox - using a Raspberry Pi Pico,11334.0,619.5825,172.0,70.244,0.12053178794833083,0,ðŸ”„ Growing Videos,"ghostbox, raspberry, pico"
Build a ChatGPT-Like language model in Python on a Raspberry Pi,9235.0,612.5222,127.0,27.16,0.0993980492511664,0,ðŸ”„ Growing Videos,"build, chatgpt, like, language, model, python, raspberry"
Auto-start scripts on MicroPython,13802.0,609.4951,87.0,33.306,0.09026981725172992,1,ðŸ“‰ Underperformers,"auto, scripts, micropython"
Build Your Own AI Assistant Part 4 - Weather Skill,7656.0,592.9782,86.0,19.094,0.07964162888291215,3,ðŸ“‰ Underperformers,"build, assistant, part, weather, skill"
Learn ROS with me Part 4 - Lidar Visualisation with RViz2,8769.0,578.8395,92.0,17.901,0.09038572595581831,0,ðŸ”„ Growing Videos,"ros, part, lidar, visualisation"
How to setup RetroPie on Raspberry Pi 4,6271.0,573.6341,37.0,23.689,0.061724685153630075,3,ðŸ“‰ Underperformers,"setup, retropie, raspberry"
Version 4 SMARS vs Original SMARS robot - whatâ€™s the difference?,7945.0,571.006,79.0,14.303,0.08064920516028866,0,ðŸ”„ Growing Videos,"version, smars, original, smars, robot, difference"
"Raspberry Pi Pico, 7 Segment Displays and 74hc595 shift registers",5484.0,569.4816,62.0,14.38,0.06666441276158383,3,ðŸ“‰ Underperformers,"raspberry, pico, segment, displays, shift, registers"
Using MQTT with Robots (And Home Automation) - Its easier than you think,5418.0,561.9103,108.0,15.76,0.08043242027047479,3,ðŸ“‰ Underperformers,"mqtt, robots, home, automation, easier, think"
Pico Drone - can we build a drone using a Raspberry Pi Pico?,7322.0,557.6008,88.0,22.584,0.10197704640577232,0,ðŸ”„ Growing Videos,"pico, drone, build, drone, raspberry, pico"
The 3D-Printable Robot That Turns Arduino Newbies Into Prosâ€”How?,8148.0,553.1277,93.0,28.114,0.09220161203418839,0,ðŸ”„ Growing Videos,"printable, robot, turns, arduino, newbies, pros"
Exploring Pybricks: LEGO Mindstorms Evolved,6785.0,551.9624,85.0,20.682,0.0874508786536829,0,ðŸ”„ Growing Videos,"exploring, pybricks, lego, mindstorms, evolved"
Raspberry Pi Pico 2 & new Pimoroni Products,6296.0,537.4655,26.0,18.244,0.06533124742275426,3,ðŸ“‰ Underperformers,"raspberry, pico, pimoroni, products"
Meet Clustered-Pi - the Raspberry Pi Zero cluster - Clustered-Pi Part 1,6409.0,515.9287,90.0,52.249,0.09294678577218259,0,ðŸ”„ Growing Videos,"meet, clustered, raspberry, zero, cluster, clustered, part"
PiDog Review: Is this Robot Dog kit any good?,4438.0,507.5367,32.0,36.422,0.06871066200022945,3,ðŸ“‰ Underperformers,"pidog, review, robot, dog, kit, good"
How to install ROS in Docker - on Raspberry Pi 4 running Ubuntu,13029.0,505.9832,104.0,31.595,0.09437559360891738,0,ðŸ”„ Growing Videos,"ros, docker, raspberry, ubuntu"
Next-Level Robotics: Unleashing ESP32CAM's Full Potential with OpenCV for Object Detection!,5732.0,503.2138,49.0,16.018,0.06243698454946951,3,ðŸ“‰ Underperformers,"level, robotics, unleashing, potential, opencv, object, detection"
Boost your Raspberry Pi 5 with the Unofficial Pi App Store - Pi Apps,13794.0,485.8794,86.0,29.551,0.1015929815069887,0,ðŸ”„ Growing Videos,"boost, raspberry, unofficial, app, store, apps"
DIY AI: Build and Train Your Own Model with PyTorch!,5262.0,477.946,77.0,23.745,0.0767746613579266,3,ðŸ“‰ Underperformers,"diy, build, train, model, pytorch"
Save Hundreds with Raspberry Pi 5 & Free Software Alternatives,4338.0,473.4296,16.0,13.942,0.051968683563831844,3,ðŸ“‰ Underperformers,"save, hundreds, raspberry, free, software, alternatives"
Pico SMARS - A Raspberry Pi Pico Powered SMARS,7281.0,469.4499,79.0,9.425,0.0729244676739091,3,ðŸ“‰ Underperformers,"pico, smars, raspberry, pico, powered, smars"
Master GPIO with Raspberry Pi Pico & MicroPython - Uncover the Secrets!,7336.0,466.254,82.0,42.676,0.0809287628809908,0,ðŸ”„ Growing Videos,"gpio, raspberry, pico, micropython, uncover, secrets"
Isaaca Inmoov robot is different,4229.0,457.398,75.0,16.386,0.07574852708091978,3,ðŸ“‰ Underperformers,"isaaca, inmoov, robot"
Arduino Alvik Deep Dive - What can it do?,3670.0,452.94,46.0,13.794,0.061846420971613414,3,ðŸ“‰ Underperformers,"arduino, alvik, deep, dive"
Raspberry Pi Camera Module V3 - new for January 2023,11785.0,451.8873,102.0,23.886,0.08370567888645829,1,ðŸ“‰ Underperformers,"raspberry, camera, module, january"
My New Prusa Core One Just DESTROYED My Ender 3!,8595.0,451.2323,26.0,23.837,0.07512792373993653,1,ðŸ“‰ Underperformers,"prusa, core, one, destroyed, ender"
"Raspberry Pi Pico, OpenCat and MicroPython",3939.0,441.9517,78.0,8.31,0.0714878240623057,3,ðŸ“‰ Underperformers,"raspberry, pico, opencat, micropython"
Raspberry Pi 4 Desktop Kit Unboxing,2858.0,437.1823,5.0,22.342,0.03902619946650516,3,ðŸ“‰ Underperformers,"raspberry, desktop, kit, unboxing"
Building Dashboards with Grafana on Raspberry Pi,5573.0,436.1248,46.0,13.331,0.06341711519435955,3,ðŸ“‰ Underperformers,"dashboards, grafana, raspberry"
Learn Servo Easing with MicroPython,3806.0,435.9855,30.0,9.399,0.0463263878475768,3,ðŸ“‰ Underperformers,"servo, easing, micropython"
Design a 3D printable Mini-Rack in Fusion 360 with me,3366.0,422.665,15.0,34.011,0.05507063799150556,3,ðŸ“‰ Underperformers,"design, printable, mini, rack, fusion"
How to log motion sensor to Google sheets with a Raspberry Pi Pico W,4479.0,419.188,42.0,30.291,0.06432164862027774,3,ðŸ“‰ Underperformers,"log, motion, sensor, google, sheets, raspberry, pico"
Create Your Own Home Hub: Raspberry Pi + Kivy Touch Interface,2742.0,411.6993,15.0,11.607,0.04705223691698522,3,ðŸ“‰ Underperformers,"home, hub, raspberry, kivy, touch, interface"
Code Wars: Rust vs MicroPython â€“ The Definitive Guide!,2332.0,411.482,17.0,7.862,0.046156664573709566,3,ðŸ“‰ Underperformers,"code, wars, rust, micropython, definitive"
Raspberry Pi Pico Case design in Fusion 360,5637.0,410.4126,37.0,13.935,0.05759394986749672,3,ðŸ“‰ Underperformers,"raspberry, pico, case, design, fusion"
Elecfreaks micro:bit Retro Arcade review and unboxing,4984.0,401.498,22.0,20.776,0.05754085108645625,3,ðŸ“‰ Underperformers,"elecfreaks, micro, bit, retro, arcade, review, unboxing"
Is Pimoroni Presto the best MicroPython Touchscreen?,4057.0,399.9226,14.0,17.777,0.05748200293230433,3,ðŸ“‰ Underperformers,"pimoroni, presto, micropython, touchscreen"
Rotary Encoders with the Raspberry Pi Pico and MicroPython,11831.0,397.8374,126.0,25.298,0.08382099805107457,1,ðŸ“‰ Underperformers,"rotary, encoders, raspberry, pico, micropython"
Make a Pico 2 powered Virtual Pet - Picotamachibi 2,3951.0,393.3519,37.0,10.661,0.056425283459121275,3,ðŸ“‰ Underperformers,"pico, powered, virtual, pet, picotamachibi"
The Ultimate Hack: Using a Raspberry Pi 5 Cluster to Break the Enigma Code,2763.0,387.6927,24.0,10.547,0.046665776909671,3,ðŸ“‰ Underperformers,"hack, raspberry, cluster, break, enigma, code"
PicoCat v2 with the new Pimoroni Servo 2040 - is this the best board they've ever made?,6053.0,387.2492,61.0,19.463,0.059015435946442055,3,ðŸ“‰ Underperformers,"picocat, pimoroni, servo, board, ever"
SMARS Motor Control Arduino Programming - Movement,4414.0,384.6338,50.0,10.979,0.05553996188390192,3,ðŸ“‰ Underperformers,"smars, motor, control, arduino, programming, movement"
Transforming Air Quality with Enviro+ Sensors,4601.0,376.1623,48.0,16.407,0.06750757788228279,3,ðŸ“‰ Underperformers,"transforming, air, quality, enviro, sensors"
SMARS Inventor - the Pimoroni Inventor 2040W Powered SMARS robot,3539.0,374.6829,40.0,13.616,0.055092821202676924,3,ðŸ“‰ Underperformers,"smars, inventor, pimoroni, inventor, powered, smars, robot"
How good are Weather Station Sensors?,3828.0,374.0157,95.0,14.537,0.07923411322262884,0,ðŸ”„ Growing Videos,"good, weather, station, sensors"
Arduino Uno Q - Python and C++ programming,3746.0,372.4185,46.0,15.829,0.08605907514141437,0,ðŸ”„ Growing Videos,"arduino, uno, python, programming"
Raspberry Pi AI HAT+ - Faster than Apple M3 Silicon?,13064.0,372.0149,91.0,26.304,0.09620193237653216,0,ðŸ”„ Growing Videos,"raspberry, hat, faster, apple, silicon"
Obsidian - the best tool for Makers?,2819.0,371.7931,6.0,22.72,0.053354161703479196,3,ðŸ“‰ Underperformers,"obsidian, tool, makers"
Raspberry Pi Pico W Robot - Burgerbot gets an upgrade,5290.0,370.2257,55.0,13.095,0.05711177154605844,3,ðŸ“‰ Underperformers,"raspberry, pico, robot, burgerbot, upgrade"
Podman vs Docker - why I switched,3068.0,369.867,24.0,11.572,0.06022343306650402,3,ðŸ“‰ Underperformers,"podman, docker, switched"
SMARS Walker - a Theo Jansen based leg system in Fusion 360,4287.0,368.0239,75.0,5.989,0.07724440732786582,0,ðŸ”„ Growing Videos,"smars, walker, theo, jansen, based, leg, system, fusion"
Unlock Robot Vision on a Budget! Fun Pico & LD06 LiDAR Build Guide,4019.0,366.9545,33.0,13.947,0.0618028318158339,3,ðŸ“‰ Underperformers,"unlock, robot, vision, budget, fun, pico, lidar, build"
They Just Killed Pi - 7 April 2022 Raspberry Pi Bullseye Update,9432.0,366.1013,79.0,24.106,0.08647648135646982,0,ðŸ”„ Growing Videos,"killed, april, raspberry, bullseye, update"
Build a Radar robot using Ultrasound with Raspberry Pi Pico - Full Livestream version,2767.0,364.835,18.0,9.623,0.03882740711939992,3,ðŸ“‰ Underperformers,"build, radar, robot, ultrasound, raspberry, pico, livestream, version"
How to talk between Raspberry Pis and Picos with Bluetooth,3961.0,360.9242,17.0,16.9,0.04869633365814456,3,ðŸ“‰ Underperformers,"talk, raspberry, pis, picos, bluetooth"
How to add Over-the-Air updates to your MicroPython projects,7721.0,360.8929,95.0,16.32,0.07244091665969478,1,ðŸ“‰ Underperformers,"add, air, updates, micropython, projects"
Elecfreaks Cutebot Pro Review,4043.0,359.7326,33.0,13.523,0.05483328920924986,3,ðŸ“‰ Underperformers,"elecfreaks, cutebot, review"
Learn how to build a full size Robot.,12512.0,358.4961,152.0,42.383,0.10538983727091446,0,ðŸ”„ Growing Videos,"build, size, robot"
I bought these TEMU Robots so you don't have to!,8861.0,356.984,40.0,26.965,0.07753082510486067,1,ðŸ“‰ Underperformers,"bought, temu, robots, don"
Raspberry Pi Pico W Ghostbusters PKE style Wifi Scanner,5426.0,354.0534,61.0,15.075,0.06045838644691847,3,ðŸ“‰ Underperformers,"raspberry, pico, ghostbusters, pke, style, wifi, scanner"
DIY Raspberry Pi Pico-based Robot - but what mistakes did I make?,2886.0,352.4738,15.0,15.224,0.044862604402415435,3,ðŸ“‰ Underperformers,"diy, raspberry, pico, based, robot, mistakes"
Build your own Bird Detector with A.I. - TwitcherPi: The Raspberry Pi Camera Bird Classifier,6574.0,348.6074,95.0,23.471,0.07692049596772113,0,ðŸ”„ Growing Videos,"build, bird, detector, twitcherpi, raspberry, camera, bird, classifier"
Pico Starter Kit Unboxing and Review,2696.0,345.5766,23.0,142.894,0.09594377814619745,3,ðŸ“‰ Underperformers,"pico, starter, kit, unboxing, review"
Raspberry Pi Touch Display 2 - 5 inch version - unboxing and review,5266.0,345.4196,18.0,24.99,0.06745177181608426,1,ðŸ“‰ Underperformers,"raspberry, touch, display, inch, version, unboxing, review"
Game Changer? In-Depth Review of the Raspberry Pi 4's Picar-X Robot Kit!,3724.0,344.633,39.0,61.536,0.07118052743125401,3,ðŸ“‰ Underperformers,"game, changer, depth, review, raspberry, picar, robot, kit"
LEARNING PYTHON - LOOPS & VARIABLES - for Raspberry Pi Robots,4898.0,341.5394,23.0,8.378,0.0514516640548664,3,ðŸ“‰ Underperformers,"python, loops, variables, raspberry, robots"
Mailbox and Hangout 10 Nov 2024,886.0,339.5697,-1.0,6.253,0.02282518270058881,3,ðŸ“‰ Underperformers,"mailbox, hangout, nov"
Jeff Geerling on the Raspberry Pi 5,3907.0,334.6583,39.0,9.61,0.0521138414934702,3,ðŸ“‰ Underperformers,"jeff, geerling, raspberry"
Simple Robot Arm you can build yourself,5236.0,326.696,57.0,14.923,0.06285461550211885,3,ðŸ“‰ Underperformers,"robot, arm, build, yourself"
"Recreating Operation, but with a Pico and Music",1801.0,322.412,15.0,6.999,0.04211218595187466,3,ðŸ“‰ Underperformers,"recreating, operation, pico, music"
Is MicroPython better than Basic? Let's reprogram 80s basic retro games in Python!,2335.0,320.4394,26.0,7.374,0.05094291436008955,3,ðŸ“‰ Underperformers,"micropython, better, basic, let, reprogram, basic, retro, games, python"
Level up your Fusion 360 CAD Skills,1820.0,318.1496,22.0,7.638,0.047540586243941765,3,ðŸ“‰ Underperformers,"level, fusion, cad, skills"
micro:bit for Robotics,3685.0,318.0928,40.0,7.325,0.05141614337686176,3,ðŸ“‰ Underperformers,"micro, bit, robotics"
XGO CM4 Robot dog Unboxing & Live stream hangout,3696.0,315.9017,23.0,11.115,0.05341229190625235,3,ðŸ“‰ Underperformers,"xgo, robot, dog, unboxing, live, stream, hangout"
TOP 5 SMARS issues - and how to fix them,3935.0,314.2831,28.0,9.129,0.056343447352343055,3,ðŸ“‰ Underperformers,"smars, issues, fix"
Can we make a PCB for BurgerBot? PCB Design,1396.0,312.6407,9.0,33.907,0.04845858533551676,3,ðŸ“‰ Underperformers,"pcb, burgerbot, pcb, design"
How to make a Raspberry Pi Pico Plotter with MicroPython - Part 1,2086.0,312.5916,11.0,8.641,0.0453272818176481,3,ðŸ“‰ Underperformers,"raspberry, pico, plotter, micropython, part"
Build Your Own AI Assistant Part 6 - Skills and Plugins,4418.0,306.5404,41.0,12.74,0.054331549330980486,3,ðŸ“‰ Underperformers,"build, assistant, part, skills, plugins"
"SMARS Bluetooth, iOS & Arduino - Programming Robots",3907.0,304.7593,22.0,10.068,0.0438516752907785,3,ðŸ“‰ Underperformers,"smars, bluetooth, ios, arduino, programming, robots"
Potentiometers and Pico with MicroPython,8709.0,295.9044,81.0,17.562,0.06894416817537957,1,ðŸ“‰ Underperformers,"potentiometers, pico, micropython"
Cyber Glasses you can hack yourself - Raspberry Pi Pico Powered glasses for Soldering,6174.0,295.3122,67.0,10.01,0.05508367902128458,3,ðŸ“‰ Underperformers,"cyber, glasses, hack, yourself, raspberry, pico, powered, glasses, soldering"
How to Sync files with your Raspberry Pi computers with Syncthing!,3658.0,294.292,19.0,11.335,0.045117464202137914,3,ðŸ“‰ Underperformers,"sync, files, raspberry, computers, syncthing"
How to use 8x8 LED Displays with MicroPython,3629.0,292.2777,18.0,12.367,0.0369345313321216,3,ðŸ“‰ Underperformers,"led, displays, micropython"
Arduino Plug and Make Kit - does it stack up?,2701.0,292.1549,27.0,13.032,0.051193489389977226,3,ðŸ“‰ Underperformers,"arduino, plug, kit, stack"
"Is this the best robot, ever? Pimoroni Yukon + Omnibot 2000",2428.0,291.3236,13.0,10.914,0.042502191034898364,3,ðŸ“‰ Underperformers,"robot, ever, pimoroni, yukon, omnibot"
"Raspberry Pi Pico, OpenCat and MicroPython   Servo Easing",2424.0,290.3418,34.0,5.827,0.04822957253778827,3,ðŸ“‰ Underperformers,"raspberry, pico, opencat, micropython, servo, easing"
The Raspberry Pi Secret Weapon Your Robot Needs,2541.0,285.5696,18.0,7.684,0.04993742806492641,3,ðŸ“‰ Underperformers,"raspberry, secret, weapon, robot"
SMARS Quad robot - walking cycle in Python,4802.0,285.1439,51.0,9.146,0.06290043273319679,3,ðŸ“‰ Underperformers,"smars, quad, robot, walking, cycle, python"
SMARS Fusion 360 Design - Chassis,4232.0,284.9637,46.0,8.478,0.055705090998339646,3,ðŸ“‰ Underperformers,"smars, fusion, design, chassis"
Raspberry Pi & Telegraf - Learn to Monitor your servers,2439.0,282.2124,10.0,9.653,0.03971885079747754,3,ðŸ“‰ Underperformers,"raspberry, telegraf, monitor, servers"
"The Shortage is over, so let's look at Every Raspberry Pi HAT, PHAT, WHAT and Shim",2192.0,280.7408,8.0,6.954,0.04615744428749223,3,ðŸ“‰ Underperformers,"shortage, let, look, raspberry, hat, phat, shim"
Build your own low-poly robot - PicoCrab 2.0,2637.0,279.9314,23.0,5.469,0.044822433504234885,3,ðŸ“‰ Underperformers,"build, low, poly, robot, picocrab"
Learn Linux command line on Raspberry Pi (Re-upload),2191.0,278.7157,29.0,7.639,0.04915137967226458,3,ðŸ“‰ Underperformers,"linux, command, line, raspberry, upload"
Master GPIO with Raspberry Pi Pico & MicroPython - Part 2,3673.0,276.3732,27.0,14.135,0.04629747703345977,1,ðŸ“‰ Underperformers,"gpio, raspberry, pico, micropython, part"
"Why I Built BurgerBot, and a review of the Motor 2040",2803.0,276.1846,27.0,8.784,0.04725206533687662,3,ðŸ“‰ Underperformers,"burgerbot, review, motor"
Creating IoTs using Arduino Cloud and the Nano ESP32,2378.0,275.6671,17.0,9.419,0.03967766595000404,3,ðŸ“‰ Underperformers,"iots, arduino, cloud, nano"
Is Arduino's new Alvik robot worth the money?,8548.0,271.1866,38.0,21.187,0.06479821534291279,1,ðŸ“‰ Underperformers,"arduino, alvik, robot, worth, money"
Pimoroni Grow Hat Review,4831.0,268.4161,33.0,18.911,0.05898341388056293,1,ðŸ“‰ Underperformers,"pimoroni, grow, hat, review"
"Watchdog Timer - What is it, and how to use it in MicroPython",6775.0,268.2307,42.0,14.263,0.05646574145816664,1,ðŸ“‰ Underperformers,"watchdog, timer, micropython"
Mecanum Wheeled Robot - Rover,3739.0,266.0487,40.0,11.964,0.05365196545073653,3,ðŸ“‰ Underperformers,"mecanum, wheeled, robot, rover"
"SMARS - MPU-6050 & GY-271, Arduino Programming Robots",3317.0,266.0266,25.0,7.21,0.04192772859031139,3,ðŸ“‰ Underperformers,"smars, mpu, arduino, programming, robots"
What is PicoZero?,5607.0,264.9263,35.0,13.516,0.05559805537589107,1,ðŸ“‰ Underperformers,picozero
How to create Cute Robots in Fusion 360,3067.0,264.3122,31.0,9.105,0.04806030148309577,3,ðŸ“‰ Underperformers,"cute, robots, fusion"
"4x4 Keypads, Raspberry Pi Pico and MicroPython",7276.0,261.3106,79.0,12.575,0.06615168340458286,1,ðŸ“‰ Underperformers,"keypads, raspberry, pico, micropython"
Build a Cute Humanoid Interactive Pal - CHIP!,2673.0,259.435,15.0,8.568,0.039828824401335144,3,ðŸ“‰ Underperformers,"build, cute, humanoid, interactive, pal, chip"
5 fun Summer projects for Raspberry Pi,3330.0,259.126,15.0,17.02,0.0415232193214642,3,ðŸ“‰ Underperformers,"fun, summer, projects, raspberry"
Raspberry Pi Pico and Range Finder,2397.0,252.5139,27.0,3.832,0.04759202505344792,3,ðŸ“‰ Underperformers,"raspberry, pico, range, finder"
High Five Bot! Make this fun Raspberry Pi Pico 2 robot,1673.0,252.4944,0.0,13.566,0.029133022300001848,3,ðŸ“‰ Underperformers,"five, bot, fun, raspberry, pico, robot"
Raspberry Pi Pico RGB Keypad Base from Pimoroni | Plus Meet the Maker,2558.0,252.1322,33.0,9.149,0.050407616898777374,3,ðŸ“‰ Underperformers,"raspberry, pico, rgb, keypad, base, pimoroni, plus, meet, maker"
SMARS Mini Modular Robot!,3531.0,250.9614,51.0,4.963,0.060880552244942945,3,ðŸ“‰ Underperformers,"smars, mini, modular, robot"
How it works - LiDAR #robotics #robots #stem,39923.0,249.7586,94.0,2.038,0.11691898373085359,1,ðŸ“‰ Underperformers,"lidar, robotics, robots, stem"
How to build a CUTE robot arm: A Fun DIY Project from Scratch!,3122.0,249.3093,32.0,8.329,0.047710021289925006,3,ðŸ“‰ Underperformers,"build, cute, robot, arm, fun, diy, project, scratch"
Pimoroni Factory Tour (on the Pico W Launch Day),4650.0,248.9842,18.0,8.339,0.048442786127310386,1,ðŸ“‰ Underperformers,"pimoroni, factory, tour, pico, launch, day"
Assembling and wiring up the SMARS Quad Robot,3245.0,248.1215,28.0,5.8,0.046965332849724775,3,ðŸ“‰ Underperformers,"assembling, wiring, smars, quad, robot"
Arduino Uno Q - 5 tips you need to know,2210.0,245.9204,19.0,8.653,0.06315959482765635,3,ðŸ“‰ Underperformers,"arduino, uno"
Securing passwords with MicroPython,3595.0,244.1203,28.0,1.59,0.045501520970036194,1,ðŸ“‰ Underperformers,"securing, passwords, micropython"
How to use RGB LED Strips with the Plasma 2040,2084.0,243.327,23.0,10.575,0.04522012611725643,3,ðŸ“‰ Underperformers,"rgb, led, strips, plasma"
Unlock the Future: Build Your Own Robot Arm at Home!,3107.0,242.7557,21.0,49.424,0.06337695451298567,3,ðŸ“‰ Underperformers,"unlock, future, build, robot, arm, home"
Robot Mapping Made Easy: Unleash the Power of VIAM & SLAM Technology,2435.0,240.3386,21.0,7.646,0.04266676720508765,3,ðŸ“‰ Underperformers,"robot, mapping, unleash, power, viam, slam, technology"
Which board should you use?,1302.0,239.9696,13.0,5.198,0.03740472896561356,3,ðŸ“‰ Underperformers,board
Build a Line following robot with MicroPython,3624.0,233.9739,29.0,8.353,0.04633628889926683,3,ðŸ“‰ Underperformers,"build, line, following, robot, micropython"
Build your Dream Robot Lab,2238.0,233.412,42.0,5.496,0.06764911047515418,3,ðŸ“‰ Underperformers,"build, dream, robot, lab"
Bittle Robotic Dog Unboxing and Review,1102.0,229.4619,2.0,3.672,0.027157301220978994,3,ðŸ“‰ Underperformers,"bittle, robotic, dog, unboxing, review"
How to build a no-code robot with Viam,2509.0,228.7536,39.0,10.299,0.05436048328532893,3,ðŸ“‰ Underperformers,"build, code, robot, viam"
What is a BrachioGraph?,2205.0,227.2,19.0,5.974,0.04217689223790652,3,ðŸ“‰ Underperformers,brachiograph
What is the new Raspberry Pi SSD Kit?,11847.0,225.7057,49.0,23.223,0.08208075422486974,1,ðŸ“‰ Underperformers,"raspberry, ssd, kit"
Raspberry Pi 5 Robotics: Crafting an Elf-Detecting AI with VIAM!,2135.0,222.0128,18.0,5.395,0.03639659612499009,3,ðŸ“‰ Underperformers,"raspberry, robotics, crafting, elf, detecting, viam"
2024 Wrap & PCBWay Gift Unboxing,697.0,221.0161,1.0,3.452,0.021105204998964282,3,ðŸ“‰ Underperformers,"wrap, pcbway, gift, unboxing"
PiDeck - the Stream Deck alternative you can make yourself,5600.0,219.4334,41.0,13.418,0.0595471452043785,1,ðŸ“‰ Underperformers,"pideck, stream, deck, alternative, yourself"
3 Hour PICADE Unboxing - The Raspberry Pi Powered Retro Arcade Machine,1794.0,219.1999,4.0,6.435,0.03598743493399181,3,ðŸ“‰ Underperformers,"hour, picade, unboxing, raspberry, powered, retro, arcade, machine"
Build your own Cute Pomodoro Desk Robot - HeyBot!,3390.0,217.4558,36.0,7.927,0.05092125233829045,3,ðŸ“‰ Underperformers,"build, cute, pomodoro, desk, robot, heybot"
How to build a wall drawing robot - Part 1 Building Scrawly Wally,2395.0,214.0939,23.0,9.237,0.04108671445476081,3,ðŸ“‰ Underperformers,"build, wall, drawing, robot, part, scrawly, wally"
Step-by-Step Guide to Building Your Own Search Engine with Python and FastAPI!,2587.0,211.2635,18.0,8.815,0.04057389798266248,3,ðŸ“‰ Underperformers,"search, engine, python, fastapi"
SMARS & Python: classes & object oriented programming,2789.0,208.9511,24.0,7.996,0.04178905737787353,3,ðŸ“‰ Underperformers,"smars, python, classes, object, oriented, programming"
Pico Bluetooth Remote Control for SMARS #2,1778.0,206.6516,7.0,3.085,0.026953987672555087,3,ðŸ“‰ Underperformers,"pico, bluetooth, remote, control, smars"
PicoCrab - A Raspberry Pi Pico Powered Robot Crab,3679.0,205.6087,44.0,5.464,0.05814107525944412,3,ðŸ“‰ Underperformers,"picocrab, raspberry, pico, powered, robot, crab"
How to load MicroPython onto the Raspberry Pi Pico,9778.0,204.7523,65.0,22.943,0.06263665086403901,1,ðŸ“‰ Underperformers,"load, micropython, onto, raspberry, pico"
Microbit - better than you think?,1702.0,202.4498,7.0,5.844,0.039035761294917454,3,ðŸ“‰ Underperformers,"microbit, better, think"
Upgrading Raspberry Pi OS - Without Loosing Files,5693.0,199.5815,27.0,16.165,0.05037087533154591,1,ðŸ“‰ Underperformers,"upgrading, raspberry, without, loosing, files"
"Thinkman - the Raspberry Pi-based Offline, portable AI",2440.0,196.9613,23.0,10.628,0.04750206497288728,3,ðŸ“‰ Underperformers,"thinkman, raspberry, based, offline, portable"
Make your own Arduino on a breadboard,6093.0,196.6531,44.0,7.337,0.061822740872685904,1,ðŸ“‰ Underperformers,"arduino, breadboard"
How to 3d Print a SMARS Robot,3711.0,192.7549,39.0,7.794,0.05796529371034645,1,ðŸ“‰ Underperformers,"print, smars, robot"
Unleash your creativity with Pimoroni Unicorn Pack Text Scroller & Stand,1880.0,191.3344,24.0,25.418,0.04840136348969178,3,ðŸ“‰ Underperformers,"unleash, creativity, pimoroni, unicorn, pack, text, scroller, stand"
Build your own Spooky Scary Skeleton Halloween Robot!,3416.0,187.3459,27.0,15.041,0.04337519029869404,3,ðŸ“‰ Underperformers,"build, spooky, scary, skeleton, halloween, robot"
How to build a robot,3937.0,186.122,56.0,9.998,0.05569838323793901,1,ðŸ“‰ Underperformers,"build, robot"
Raspberry Pi 5-based NAS - It's ransomware proof,1296.0,186.0255,8.0,26.504,0.04256365178605441,3,ðŸ“‰ Underperformers,"raspberry, based, nas, ransomware, proof"
Raspberry Pi Pico Plotter - Part 2,1561.0,184.9452,10.0,5.297,0.03770380781781098,3,ðŸ“‰ Underperformers,"raspberry, pico, plotter, part"
What can a SMARS robot do?,7610.0,182.2877,58.0,9.821,0.06847664728687768,1,ðŸ“‰ Underperformers,"smars, robot"
Wiring up the SMARS Electronics,2056.0,179.5698,14.0,6.357,0.04024447035158014,3,ðŸ“‰ Underperformers,"wiring, smars, electronics"
Is PyCharm worth the money?,1608.0,179.2277,-1.0,5.146,0.028574319471790857,3,ðŸ“‰ Underperformers,"pycharm, worth, money"
Raspberry Pi Theremin Midi Project,3701.0,177.2519,47.0,10.904,0.0529214795705527,3,ðŸ“‰ Underperformers,"raspberry, theremin, midi, project"
Ikea Head Lamp Hack with MicroPython,2609.0,175.094,25.0,8.001,0.04495811665610057,3,ðŸ“‰ Underperformers,"ikea, head, lamp, hack, micropython"
Why Iâ€™m Ditching Notion for Obsidian Bases,1709.0,173.3516,4.0,5.555,0.03721170382421343,3,ðŸ“‰ Underperformers,"ditching, notion, obsidian, bases"
5 Things about MicroPython you need to know,4087.0,173.3084,22.0,6.796,0.047622841091579264,1,ðŸ“‰ Underperformers,"things, micropython"
Raspberry Pi 500+ 5 things you'll love,3899.0,171.8647,17.0,7.19,0.05227734853813541,1,ðŸ“‰ Underperformers,"raspberry, things, love"
Raspberry Pi Pico 2 W - now available,13211.0,171.0507,51.0,20.865,0.08310323481380713,1,ðŸ“‰ Underperformers,"raspberry, pico, available"
Assemble & Code with MeArm and Pimoroni Inventor Hat on Raspberry Pi Zero W,1611.0,170.2554,10.0,5.064,0.03252480750611224,3,ðŸ“‰ Underperformers,"assemble, code, mearm, pimoroni, inventor, hat, raspberry, zero"
Pimoroni Trilobot Review - Raspberry Pi 4 powered Robot Kit,2003.0,168.2551,20.0,15.309,0.0437420309282163,3,ðŸ“‰ Underperformers,"pimoroni, trilobot, review, raspberry, powered, robot, kit"
micro:bit Quad Robot with MakeCode,3316.0,166.0451,31.0,4.395,0.05095665625702876,3,ðŸ“‰ Underperformers,"micro, bit, quad, robot, makecode"
InMoov Robot Head build update,7459.0,165.6534,68.0,10.712,0.07323764516915902,1,ðŸ“‰ Underperformers,"inmoov, robot, head, build, update"
DIY Lego Compatible Robot Parts - from just 1 Model Using Fusion 360,2038.0,164.0543,28.0,5.286,0.04440846711505337,3,ðŸ“‰ Underperformers,"diy, lego, compatible, robot, parts, model, fusion"
"Bugs - the RoboBunny, Create your own Robotic Easter Bunny",3270.0,163.3231,51.0,9.019,0.047139578663439985,3,ðŸ“‰ Underperformers,"bugs, robobunny, robotic, easter, bunny"
The new Raspberry Pi 5 - first look,2442.0,161.9141,35.0,7.385,0.04578911230651339,1,ðŸ“‰ Underperformers,"raspberry, look"
Object Oriented Python for Robots - building Chip Part 2,2035.0,161.7515,17.0,5.263,0.03778066354465082,3,ðŸ“‰ Underperformers,"object, oriented, python, robots, chip, part"
Powering your projects - A quick guide,3152.0,161.6503,29.0,5.673,0.043400863982994864,1,ðŸ“‰ Underperformers,"powering, projects"
PiKon II: The Ultimate DIY Raspberry Pi Camera!,2939.0,161.6025,16.0,8.221,0.04695846006024368,3,ðŸ“‰ Underperformers,"pikon, diy, raspberry, camera"
10 Pro Tips That Keep My Raspberry Pi Running Like New (Years Later),1324.0,161.2466,0.0,8.042,0.030438691636356915,3,ðŸ“‰ Underperformers,"keep, raspberry, like, years, later"
SMARS TCRT5000 Line Following Module & Arduino - Programming Robots,3010.0,158.3908,10.0,3.928,0.03519862179227873,3,ðŸ“‰ Underperformers,"smars, line, following, module, arduino, programming, robots"
Assembling the SMARS parts & soldering,1636.0,157.5404,16.0,4.578,0.039957459982139995,3,ðŸ“‰ Underperformers,"assembling, smars, parts, soldering"
Why I Gave Up My DIY NAS Server - From Chaos to Synology,1129.0,157.1529,-1.0,3.636,0.023701607334786812,3,ðŸ“‰ Underperformers,"gave, diy, nas, server, chaos, synology"
I Built a LASER CUT Robot from Scratch and Here's What Happened!,2229.0,157.0992,19.0,9.862,0.03973260201624855,3,ðŸ“‰ Underperformers,"laser, cut, robot, scratch, here, happened"
The OttoDIY Story - From Hobby to HP,1169.0,154.6098,8.0,2.854,0.03303440064080151,3,ðŸ“‰ Underperformers,"ottodiy, story, hobby"
Give your homelab server superpowers with n8n,1151.0,153.2123,2.0,3.986,0.050268398902197975,3,ðŸ“‰ Underperformers,"give, homelab, server, superpowers"
SMARSFan Live Channel Introduction Dec 2020,13530.0,152.8946,25.0,7.793,0.044660366851397584,1,ðŸ“‰ Underperformers,"smarsfan, live, channel, dec"
Arduino Moon Rover in Action: Navigating the Lunar Landscape at Home!,1869.0,151.3477,14.0,4.321,0.03661909839485286,3,ðŸ“‰ Underperformers,"arduino, moon, rover, action, navigating, lunar, landscape, home"
LEARNING PYTHON - FILES & DATA STRUCTURES - for Raspberry Pi Robots,2684.0,150.9112,20.0,4.584,0.034774006253421676,3,ðŸ“‰ Underperformers,"python, files, data, structures, raspberry, robots"
Learn Linux command line on Raspberry Pi,950.0,147.6335,5.0,2.287,0.028123421733959132,3,ðŸ“‰ Underperformers,"linux, command, line, raspberry"
How to make a Self Watering Plant System with Enviro Grow and Grow Hat Mini,3526.0,146.4688,31.0,7.484,0.044406827152053664,1,ðŸ“‰ Underperformers,"self, watering, plant, system, enviro, grow, grow, hat, mini"
Pico-Tamachibi - A Raspberry Pi Pico Powered Virtual Pet,10564.0,144.2852,46.0,18.376,0.06924131770970542,1,ðŸ“‰ Underperformers,"pico, tamachibi, raspberry, pico, powered, virtual, pet"
Getting Started with Robotics an Introduction and overview,1635.0,143.371,59.0,4.788,0.07591936048963659,0,ðŸ”„ Growing Videos,robotics
This Pi can save your Mac - How to Backup your Mac using a Raspberry Pi,4110.0,142.2595,23.0,9.757,0.04448682904966189,1,ðŸ“‰ Underperformers,"save, mac, backup, mac, raspberry"
6 Raspberry Pi Terminal Hacks you need to know,2422.0,141.1867,17.0,5.543,0.0371013028283853,1,ðŸ“‰ Underperformers,"raspberry, terminal, hacks"
"Arduino Nano RP2040 Connect, First look",3150.0,141.1329,29.0,6.549,0.04556536733122454,1,ðŸ“‰ Underperformers,"arduino, nano, connect, look"
Make your own Galactic Guitar Hero game - using a Pimoroni Galactic Unicorn,1786.0,140.1849,15.0,9.577,0.03940717083912883,3,ðŸ“‰ Underperformers,"galactic, guitar, hero, game, pimoroni, galactic, unicorn"
"SMARS SG90 Servos, PCA9685 & Arduino - Programming Robots",1985.0,138.7139,14.0,4.016,0.031477015351344007,3,ðŸ“‰ Underperformers,"smars, servos, arduino, programming, robots"
Naomi's Heat-Set Inset Tool Review,2292.0,138.2263,6.0,5.44,0.04148691004344121,1,ðŸ“‰ Underperformers,"naomi, heat, inset, tool, review"
Pico Drone PCB Layout Secrets â€” What I Wish I Knew in Fusion 360,1278.0,138.1258,3.0,4.175,0.029548764053988527,3,ðŸ“‰ Underperformers,"pico, drone, pcb, layout, secrets, wish, fusion"
Automate with Ansible - Clustered-Pi Part 3,907.0,137.7644,9.0,3.487,0.03225307254335399,3,ðŸ“‰ Underperformers,"automate, ansible, clustered, part"
2023 - Project Updates,711.0,137.1347,3.0,2.132,0.02351727236473751,3,ðŸ“‰ Underperformers,"project, updates"
The Pi Cast (1/30): Bluetooth on the Raspberry Pi Pico W with Kevin McAleer,1566.0,136.3559,3.0,3.096,0.02827516426216238,3,ðŸ“‰ Underperformers,"cast, bluetooth, raspberry, pico, kevin, mcaleer"
PCB Fabrication - making a Bluetooth Remote Control,1819.0,135.1753,7.0,5.872,0.02911126384782236,3,ðŸ“‰ Underperformers,"pcb, fabrication, bluetooth, remote, control"
BurgerBot V2 - How to make a Robot THAT CAN DRAW!,1785.0,134.7992,18.0,4.851,0.03695756321435984,3,ðŸ“‰ Underperformers,"burgerbot, robot, draw"
PicoCat UnitTesting with MicroPython,1404.0,133.8645,13.0,1.486,0.037392898571301264,3,ðŸ“‰ Underperformers,"picocat, unittesting, micropython"
Raspberry Pi OS 64 bit - Upgrade now or wait?,4672.0,132.9806,31.0,8.434,0.04717497654836843,1,ðŸ“‰ Underperformers,"raspberry, bit, upgrade, wait"
Raspberry Pi Mini-Rack - Part 2: Pi-Tray and Laser Front and Top,1190.0,131.47,3.0,3.151,0.026522443783853763,3,ðŸ“‰ Underperformers,"raspberry, mini, rack, part, tray, laser, front"
Build your own miniature retro Arcade with KevsArcade,1246.0,130.3015,8.0,3.573,0.030768979438425423,3,ðŸ“‰ Underperformers,"build, miniature, retro, arcade, kevsarcade"
I Built a Fortune Telling Robot with a Raspberry Pi!,2245.0,130.1015,21.0,7.159,0.03473664658751647,3,ðŸ“‰ Underperformers,"fortune, telling, robot, raspberry"
This Steam Punk Robot Will Blow Your Mind - Check Out What It Can Do!,1435.0,129.7051,16.0,9.505,0.03792990785923314,3,ðŸ“‰ Underperformers,"steam, punk, robot, blow, mind, check, out"
Meet the Maker - Simon Monk of MonkMakes,822.0,129.6028,11.0,3.209,0.03413835049385039,3,ðŸ“‰ Underperformers,"meet, maker, simon, monk, monkmakes"
2 Robot Arms - what should I do?,1356.0,128.9168,3.0,4.563,0.03145808512681218,3,ðŸ“‰ Underperformers,"robot, arms"
Pimoroni Inventor Hat Mini Review,1480.0,128.3927,-1.0,5.538,0.024862291352525857,3,ðŸ“‰ Underperformers,"pimoroni, inventor, hat, mini, review"
DIY Animatronics: I Built a Moving Creature with No Code?! ðŸ¤¯,1845.0,128.214,8.0,7.22,0.03460339546209973,3,ðŸ“‰ Underperformers,"diy, animatronics, moving, creature, code"
10 Raspberry Pi Projects you can make yourself - Raspberry Pi 10th Birthday,1532.0,127.6541,13.0,5.283,0.034796459801248916,3,ðŸ“‰ Underperformers,"raspberry, projects, yourself, raspberry, birthday"
Make a robot face with an 8x8 matrix display,3357.0,126.3058,39.0,3.701,0.05303509258225781,3,ðŸ“‰ Underperformers,"robot, face, matrix, display"
Build Your Own AI Assistant Part 5 - Calendar Skill,4232.0,124.507,28.0,7.688,0.0445361141690178,1,ðŸ“‰ Underperformers,"build, assistant, part, calendar, skill"
Can MicroPython Handle Real Robotics? Letâ€™s Find Outâ€¦,1260.0,123.974,6.0,3.773,0.03140310909490448,3,ðŸ“‰ Underperformers,"micropython, handle, real, robotics, let, find, out"
Micropython Robot - Cutebot review,1421.0,123.2571,2.0,4.413,0.02534695277255002,3,ðŸ“‰ Underperformers,"micropython, robot, cutebot, review"
Loading the SMARS Arduino code,1771.0,122.2511,15.0,5.728,0.03816724562621911,3,ðŸ“‰ Underperformers,"loading, smars, arduino, code"
We Let Copilot Write the Flight Codeâ€¦ What Could Go Wrong?,1176.0,121.5838,5.0,11.144,0.03631365749376258,3,ðŸ“‰ Underperformers,"let, copilot, write, flight, code, wrong"
Raspberry Pi Zero 2 Theremin - TherePi Part 2,3765.0,120.2209,18.0,5.07,0.029877196585356258,1,ðŸ“‰ Underperformers,"raspberry, zero, theremin, therepi, part"
SMARS HC-SR07 Range Finder Arduino Programming - Sensors,1654.0,119.3806,4.0,2.754,0.022937654258681578,3,ðŸ“‰ Underperformers,"smars, range, finder, arduino, programming, sensors"
PicoCat & Fusion 360,1173.0,118.9229,17.0,0.701,0.042964062002415246,3,ðŸ“‰ Underperformers,"picocat, fusion"
Raspberry Pi Pico - Tic-Tac-Toe Playing Robot: Pico-Tico,1733.0,117.8896,16.0,5.17,0.03455038104078942,3,ðŸ“‰ Underperformers,"raspberry, pico, tic, tac, toe, playing, robot, pico, tico"
From Concept to Creation: Building Electric Orchestras & Robots with Arduino & Raspberry Pi!,1170.0,117.8592,5.0,2.945,0.025375177015210214,3,ðŸ“‰ Underperformers,"concept, creation, electric, orchestras, robots, arduino, raspberry"
WeatherBot! An ESP8266 and MicroPython powered Robot,3408.0,117.0859,27.0,4.813,0.04358664757318258,1,ðŸ“‰ Underperformers,"weatherbot, micropython, powered, robot"
Meet the Maker - Alex Glow and Companion Robots!,1201.0,116.9752,9.0,3.172,0.032543116108203374,3,ðŸ“‰ Underperformers,"meet, maker, alex, glow, companion, robots"
3D Print the SMARS Parts,1220.0,116.3541,6.0,3.327,0.02534140859245155,3,ðŸ“‰ Underperformers,"print, smars, parts"
Raspberry Pi 500+ - control RGB from Sensors,1081.0,115.4611,3.0,3.57,0.027002997913481867,3,ðŸ“‰ Underperformers,"raspberry, control, rgb, sensors"
Raspberry Pi Touch Display 2 - what's new?,7088.0,112.9935,14.0,13.391,0.0568853857395804,1,ðŸ“‰ Underperformers,"raspberry, touch, display"
Is this the sweetest Power-up for the Raspberry Pi?,4822.0,112.6833,12.0,8.368,0.0518793761582623,1,ðŸ“‰ Underperformers,"sweetest, power, raspberry"
Coding for Beginners with Tinkercad,1780.0,111.961,17.0,2.593,0.03973565181404304,3,ðŸ“‰ Underperformers,"coding, beginners, tinkercad"
How to make the QUAD SMARS robot Walk,3181.0,111.1365,23.0,3.761,0.04621294335945745,3,ðŸ“‰ Underperformers,"quad, smars, robot, walk"
TwitcherPi Part 2 - Creating a Web API with Flask and MongoDB,872.0,111.0546,11.0,4.752,0.03596333741608829,3,ðŸ“‰ Underperformers,"twitcherpi, part, web, api, flask, mongodb"
How to Make a Gear in Fusion 360 Fast!,2275.0,109.7188,17.0,5.469,0.04356053876553252,1,ðŸ“‰ Underperformers,"gear, fusion"
Ask me Anything Livestream hangout,656.0,108.1737,-1.0,2.096,0.014090108781688227,3,ðŸ“‰ Underperformers,"ask, anything, livestream, hangout"
Create a robot that can tweet and post to Instagram using Python,1756.0,105.8495,15.0,4.989,0.029077469351121283,3,ðŸ“‰ Underperformers,"robot, tweet, post, instagram, python"
SMARSLab - for Quad Walking Robots,779.0,104.9852,6.0,1.662,0.02508556531826468,3,ðŸ“‰ Underperformers,"smarslab, quad, walking, robots"
Lego Mindstorms Robot vs SMARS Robot,1654.0,103.5616,12.0,3.421,0.029901826723137636,3,ðŸ“‰ Underperformers,"lego, mindstorms, robot, smars, robot"
Add Magnetic Superpowers to Your Raspberry Pi Pico or Arduino,802.0,101.4038,-1.0,2.597,0.026656049221353225,3,ðŸ“‰ Underperformers,"add, magnetic, superpowers, raspberry, pico, arduino"
SMARSLab - a SMARS Python Web Interface,1042.0,100.2653,9.0,2.009,0.030550563792195846,3,ðŸ“‰ Underperformers,"smarslab, smars, python, web, interface"
Halloween Robot Design in Fusion 360,1667.0,100.0557,20.0,3.747,0.03490097338102486,3,ðŸ“‰ Underperformers,"halloween, robot, design, fusion"
Raspberry Pi USB 3 Hub - Why did they make this?,5960.0,100.0276,12.0,9.466,0.04622952192097944,1,ðŸ“‰ Underperformers,"raspberry, usb, hub"
Face detection Companion Bot - with Trilobot,1238.0,98.3701,14.0,3.821,0.036294223884145424,3,ðŸ“‰ Underperformers,"face, detection, companion, bot, trilobot"
Googley Eyes that Google what they see,1555.0,98.1343,10.0,10.72,0.030429703152518292,3,ðŸ“‰ Underperformers,"googley, eyes, google, see"
I built my own Toothbrush - But will it work?,970.0,96.2649,4.0,4.477,0.02416985318939274,3,ðŸ“‰ Underperformers,toothbrush
Speech Synthesis and Voice Recognition with PyTTSX3 and PocketSphinx,2178.0,94.7211,20.0,4.717,0.03670039931812842,3,ðŸ“‰ Underperformers,"speech, synthesis, voice, recognition, pocketsphinx"
Printing the parts of the SMARS Quad robot,1545.0,93.9496,14.0,2.736,0.036296897087914504,3,ðŸ“‰ Underperformers,"printing, parts, smars, quad, robot"
SMARS Fusion 360 Design - Wheels,1352.0,93.8511,12.0,1.702,0.030606116922603045,3,ðŸ“‰ Underperformers,"smars, fusion, design, wheels"
What is a Robot?,1184.0,92.129,12.0,1.394,0.026783133991007558,3,ðŸ“‰ Underperformers,robot
Build the Ultimate Birthday Card with a Raspberry Pi Pico,2187.0,90.2368,16.0,4.48,0.030294916387539204,1,ðŸ“‰ Underperformers,"build, birthday, card, raspberry, pico"
WAIT! macOS Ventura Drag and Drop Bug affects Raspberry Pi Pico and Circuit Python users!,2663.0,89.9736,18.0,5.456,0.03653456948176889,1,ðŸ“‰ Underperformers,"wait, macos, ventura, drag, drop, bug, affects, raspberry, pico, circuit, python, users"
You're Gonna Need a Bigger Brick: LEGO Gets Lights & Sound with Tiny FX,1048.0,87.9332,3.0,2.702,0.026072841281064855,3,ðŸ“‰ Underperformers,"gonna, bigger, brick, lego, lights, sound, tiny"
PicoCat & Fusion 360 #2,904.0,87.4736,9.0,3.084,0.0273688877635902,3,ðŸ“‰ Underperformers,"picocat, fusion"
"Hangout, unboxing and prep for Opensauce 2025",742.0,86.7039,0.0,6.514,0.020152331398609728,3,ðŸ“‰ Underperformers,"hangout, unboxing, prep, opensauce"
Cyberdog Coat Build and Test - Did it work?,851.0,85.3283,2.0,2.172,0.0210047606381907,3,ðŸ“‰ Underperformers,"cyberdog, coat, build, test"
Halloween Spider Robot - and everything that went wrong,1139.0,84.2381,6.0,4.611,0.02489153983065279,3,ðŸ“‰ Underperformers,"halloween, spider, robot, everything, went, wrong"
Moving from Arduino to MicroPython - livestream (had to stop due to streaming issues),619.0,82.9036,8.0,0.325,0.034977884095598155,3,ðŸ“‰ Underperformers,"moving, arduino, micropython, livestream, stop, due, streaming, issues"
Build your own Ultrasonic Radar Robot - Part 1,1693.0,82.8665,27.0,3.014,0.04123150714279393,3,ðŸ“‰ Underperformers,"build, ultrasonic, radar, robot, part"
How to remotely login to a Raspberry Pi securely WITHOUT a password - Clustered-Pi Part 2,3829.0,81.9632,24.0,8.645,0.03707251692300232,1,ðŸ“‰ Underperformers,"remotely, login, raspberry, securely, without, password, clustered, part"
Raspberry Pi 5 Tiny Arcade machine - can the Pi handle it?,2057.0,81.6763,5.0,4.816,0.025301678610387228,1,ðŸ“‰ Underperformers,"raspberry, tiny, arcade, machine, handle"
SMARS Fusion 360 Design - Tracks,1334.0,81.601,12.0,1.992,0.031989114715094025,3,ðŸ“‰ Underperformers,"smars, fusion, design, tracks"
OttoDIY and SMARS Robots,1770.0,80.2791,26.0,2.164,0.04690981449423215,1,ðŸ“‰ Underperformers,"ottodiy, smars, robots"
Making the worlds most over-engineered Christmas Tree Bauble LIVESTREAM,818.0,78.7358,4.0,1.743,0.01994390972906862,3,ðŸ“‰ Underperformers,"worlds, engineered, christmas, tree, bauble, livestream"
5000 Subscriber show & Post Raspberry Pi Event Catchup,440.0,77.6798,2.0,0.918,0.018863867507947323,3,ðŸ“‰ Underperformers,"subscriber, show, post, raspberry, event, catchup"
Pico Remote Control for SMARS,900.0,77.3466,7.0,1.003,0.032006691458584785,3,ðŸ“‰ Underperformers,"pico, remote, control, smars"
Meet the Maker - James Bruton,829.0,76.2922,4.0,1.893,0.019854602942675624,3,ðŸ“‰ Underperformers,"meet, maker, james, bruton"
2024 Predictions & 2023 Year in Review,1072.0,75.7825,8.0,3.295,0.025982315471873872,1,ðŸ“‰ Underperformers,"predictions, year, review"
Raspberry Pi 400 Setup for Robotics - How I setup my RPI400,2168.0,75.4298,16.0,5.942,0.029347892386111372,1,ðŸ“‰ Underperformers,"raspberry, setup, robotics, setup"
Build Your Own AI Assistant Part 7 - Pomodoro Skill,4221.0,74.3599,35.0,5.303,0.04644256547725813,1,ðŸ“‰ Underperformers,"build, assistant, part, pomodoro, skill"
Build your own Ultrasonic Radar Robot - Part 3,1471.0,73.9296,11.0,2.359,0.03062518367721618,1,ðŸ“‰ Underperformers,"build, ultrasonic, radar, robot, part"
Paper SMARS - a robot you can print,1100.0,73.7827,9.0,0.53,0.031020067836460403,3,ðŸ“‰ Underperformers,"paper, smars, robot, print"
"Arduino Alvik Maze Escape, with Micropython and ROS2",550.0,72.8363,-1.0,1.421,0.06379867027841127,3,ðŸ“‰ Underperformers,"arduino, alvik, maze, escape, micropython"
Just donâ€™t make it angry,21498.0,71.5833,58.0,0.23,0.06594305782378752,1,ðŸ“‰ Underperformers,"don, angry"
Why YOU should use Jupyter Labs for Robotics,711.0,71.4224,15.0,1.935,0.051263801473334605,3,ðŸ“‰ Underperformers,"jupyter, labs, robotics"
How to build a BurgerBot v2 - its EASIER than you think!,1829.0,71.2074,11.0,3.931,0.027532783114307437,1,ðŸ“‰ Underperformers,"build, burgerbot, easier, think"
I made a robot arm #robotics #raspberrypi #viam,9802.0,69.15,33.0,0.746,0.046033762448489286,1,ðŸ“‰ Underperformers,"robot, arm, robotics, raspberrypi, viam"
Raspberry Pi Imager - The Secret Menu you need to know about,3806.0,66.3065,30.0,8.398,0.04250000077702562,1,ðŸ“‰ Underperformers,"raspberry, imager, secret, menu"
Mecanum wheels are so coolâ€¦ #shorts,15691.0,65.7902,25.0,0.543,0.056242205762275586,1,ðŸ“‰ Underperformers,"mecanum, wheels, cool, shorts"
Raspberry Pi Zero 2 - Zero gets an upgrade!,1858.0,65.7885,6.0,2.949,0.026784556534614763,1,ðŸ“‰ Underperformers,"raspberry, zero, zero, upgrade"
Merlins Cave - a Pico and MicroPython Adventure,1276.0,65.5871,6.0,1.758,0.026006001687170176,1,ðŸ“‰ Underperformers,"merlins, cave, pico, micropython, adventure"
Make bluetooth racing robots with SMARS,795.0,65.5204,11.0,1.176,0.0402850141701599,3,ðŸ“‰ Underperformers,"bluetooth, racing, robots, smars"
I made a robot that can see using sound. #shorts,16862.0,65.0369,41.0,0.444,0.05598688677468942,1,ðŸ“‰ Underperformers,"robot, see, sound, shorts"
Raspberry Pi Camera Module design in Fusion 360 for SMARS Quad,1109.0,64.1609,10.0,2.353,0.02860191938890585,3,ðŸ“‰ Underperformers,"raspberry, camera, module, design, fusion, smars, quad"
ðŸ— YES - A Chicken Nugget Piano (with Raspberry Pi Pico),929.0,61.3993,5.0,2.736,0.023396238676381385,3,ðŸ“‰ Underperformers,"yes, chicken, nugget, piano, raspberry, pico"
SMARS Fusion 360 Design - HC-SR07 Range Finder,908.0,61.015,8.0,1.655,0.028143816396048633,3,ðŸ“‰ Underperformers,"smars, fusion, design, range, finder"
How to make Music and Sound with the Arduino,1371.0,60.7904,18.0,2.878,0.037782428652471625,3,ðŸ“‰ Underperformers,"music, sound, arduino"
Learn python for SMARS robot - GIT & SOURCE CODE CONTROL,2552.0,59.9252,20.0,2.179,0.1231087103940806,0,ðŸ”„ Growing Videos,"python, smars, robot, git, source, code, control"
SMARS Mini Backpack update,1598.0,55.2035,5.0,1.624,0.02458027943979968,1,ðŸ“‰ Underperformers,"smars, mini, backpack, update"
Pimoroni Breakout Garden Review,1806.0,54.2701,16.0,3.736,0.034496478265045566,1,ðŸ“‰ Underperformers,"pimoroni, breakout, garden, review"
Meet the Maker - meet Liz Clark from BlitzCityDIY,570.0,53.2243,5.0,3.714,0.02490317873057231,3,ðŸ“‰ Underperformers,"meet, maker, meet, liz, clark, blitzcitydiy"
Tiny QR code reader #micropython  #raspberrypi #adafruit,8936.0,53.1455,10.0,0.455,0.04045347982617873,1,ðŸ“‰ Underperformers,"tiny, code, reader, micropython, raspberrypi, adafruit"
"Wireless Charging - How to add it to Raspberry Pi Pico, ESP32, Arduino micro:bit projects #Shorts",6559.0,52.0115,13.0,2.353,0.027792967376745185,1,ðŸ“‰ Underperformers,"wireless, charging, add, raspberry, pico, arduino, micro, bit, projects, shorts"
How Many Robots did I build in 2021?,629.0,51.067,2.0,1.44,0.02257185387353532,3,ðŸ“‰ Underperformers,"robots, build"
SMARS Robot Speed Build,6885.0,50.4619,16.0,0.309,0.03748874544914829,1,ðŸ“‰ Underperformers,"smars, robot, speed, build"
What its like to hire a Waymo Self Driving AI Taxi in San Francisco,2263.0,50.2515,4.0,6.369,0.02726854558791046,1,ðŸ“‰ Underperformers,"like, hire, waymo, self, driving, taxi, san, francisco"
Periodic Table of Robotics - Part 1 Building the Page,595.0,50.0426,0.0,2.031,0.01451663230938424,3,ðŸ“‰ Underperformers,"periodic, table, robotics, part, page"
How to build a dancing robot,1902.0,48.699,18.0,3.624,0.034588672106881144,1,ðŸ“‰ Underperformers,"build, dancing, robot"
Spring 2021 - Project Update,407.0,45.7812,2.0,0.215,0.02205944485222462,3,ðŸ“‰ Underperformers,"spring, project, update"
Face Detection with OpenCV (SOUND AND VIDEO OUT OF SYNC),1073.0,43.5724,15.0,1.029,0.032175453936498885,3,ðŸ“‰ Underperformers,"face, detection, opencv, sound, video, out, sync"
How to make a Robot Cry,6429.0,43.0511,31.0,0.373,0.04199356713824054,1,ðŸ“‰ Underperformers,"robot, cry"
Two-way Bluetooth with Raspberry Pi Pico W and MicroPython,709.0,40.43,1.0,1.607,0.02009248549153387,1,ðŸ“‰ Underperformers,"two, bluetooth, raspberry, pico, micropython"
Check Out These Mind-Blowing Projects from Makers Central 2023...,1290.0,39.8399,1.0,3.451,0.01938270207789898,1,ðŸ“‰ Underperformers,"check, out, mind, blowing, projects, makers, central"
SMARS Fusion 360 Design - Motor Holder,642.0,38.0928,5.0,2.156,0.024212558573140214,3,ðŸ“‰ Underperformers,"smars, fusion, design, motor, holder"
ESP32CAM For Robotics - #Shorts,5454.0,37.326,27.0,0.254,0.02989651945858951,1,ðŸ“‰ Underperformers,"robotics, shorts"
I have a new Pet. Meet Bubo! #robotics #python #raspberrypi,7751.0,34.5283,18.0,0.455,0.038680466599598284,1,ðŸ“‰ Underperformers,"pet, meet, bubo, robotics, python, raspberrypi"
This is why I donâ€™t leave the house #shorts,3660.0,34.383,17.0,0.023,0.03923714434301846,1,ðŸ“‰ Underperformers,"don, leave, house, shorts"
"Meet the Maker - Camilo Parra Palacio, OttoDIY",561.0,33.962,10.0,1.515,0.0348238942548098,3,ðŸ“‰ Underperformers,"meet, maker, camilo, parra, palacio, ottodiy"
Halloween Robots - Part 2: Arduino Line Following Bots,463.0,33.7665,5.0,1.13,0.023304553200036833,3,ðŸ“‰ Underperformers,"halloween, robots, part, arduino, line, following, bots"
Controlling a SMARS Quad robot with Scratch & Python,2383.0,33.6262,7.0,0.398,0.0245307629293987,1,ðŸ“‰ Underperformers,"controlling, smars, quad, robot, scratch, python"
Learn ROS with me Part 4b - I fixed the bug!,2299.0,33.5072,4.0,2.448,0.030581506734678153,1,ðŸ“‰ Underperformers,"ros, part, fixed, bug"
Build your own Ultrasonic Radar Robot - Part 2,1043.0,32.8059,10.0,1.516,0.027600538127616876,1,ðŸ“‰ Underperformers,"build, ultrasonic, radar, robot, part"
See pinned comment Arduino C++ vs MicroPython Smackdown,327.0,32.6028,2.0,0.723,0.02129008423926917,3,ðŸ“‰ Underperformers,"see, pinned, comment, arduino, micropython, smackdown"
"Cyberdog build, an RGB LED dog coat powered by Raspberry Pi Pico W",8333.0,32.256,8.0,0.345,0.031538008514981127,1,ðŸ“‰ Underperformers,"cyberdog, build, rgb, led, dog, coat, powered, raspberry, pico"
Raspberry Pi Pico and nRF24L01 #Shorts,5091.0,31.4572,13.0,0.724,0.031077396328988025,1,ðŸ“‰ Underperformers,"raspberry, pico, shorts"
Pico Wifi Module  #shorts,3949.0,31.2443,18.0,0.428,0.027935251409153893,1,ðŸ“‰ Underperformers,"pico, wifi, module, shorts"
Boxing Day Unboxing - New Robot for the Robot Lab,386.0,30.5379,1.0,1.1,0.016009315778337644,3,ðŸ“‰ Underperformers,"boxing, day, unboxing, robot, robot, lab"
Will the motors actually work? - Explora Update & Design improvements,1543.0,30.3742,11.0,2.297,0.02612353553493362,1,ðŸ“‰ Underperformers,"motors, actually, explora, update, design, improvements"
SMARS - Quad Robot walking,4525.0,29.9082,9.0,2.749,0.06139363872530336,1,ðŸ“‰ Underperformers,"smars, quad, robot, walking"
What happens when robots die?,9437.0,29.3493,26.0,0.185,0.03908884475201891,1,ðŸ“‰ Underperformers,"happens, robots, die"
Raspberry Pi Zero Thermal Printer #Shorts,5636.0,29.0858,17.0,0.5,0.03283303471696092,1,ðŸ“‰ Underperformers,"raspberry, zero, thermal, printer, shorts"
Everything that went wrong so far - Bubo Build Diary,763.0,29.0139,9.0,1.256,0.026531711178874796,1,ðŸ“‰ Underperformers,"everything, went, wrong, far, bubo, build, diary"
The chicken nugget of #Doom,3259.0,27.8235,3.0,0.15,0.030954429778224386,1,ðŸ“‰ Underperformers,"chicken, nugget, doom"
Have you been to the Leeds Raspberry Pi Store yet?,3709.0,26.9772,0.0,0.27,0.02363596576248233,1,ðŸ“‰ Underperformers,"leeds, raspberry, store, yet"
Itâ€™s finally here! The new Raspberry Pi 5 #raspberrypi5 rpi5 #raspberrypi,5648.0,26.6774,10.0,0.399,0.025401636464847693,1,ðŸ“‰ Underperformers,"finally, here, raspberry, raspberrypi"
SMARS next steps & recap,342.0,26.5335,5.0,0.783,0.03479815145624108,3,ðŸ“‰ Underperformers,"smars, steps, recap"
Pomodoro robot! This is a work in progress but too cute not to share! Subscribe for more robot stuff,8491.0,26.131,18.0,0.058,0.04493385520819958,1,ðŸ“‰ Underperformers,"pomodoro, robot, progress, cute, not, share, subscribe, robot, stuff"
Best night of his life,8404.0,25.6002,13.0,0.019,0.032276143181324074,1,ðŸ“‰ Underperformers,"night, life"
Creating a Supercomputer with a Raspberry Pi 5 Cluster and Docker Swarm!,555.0,24.8219,1.0,0.091,0.029488788931220457,3,ðŸ“‰ Underperformers,"supercomputer, raspberry, cluster, docker, swarm"
SMARS Robots are GO!,3249.0,24.1419,15.0,0.127,0.03737019360970894,1,ðŸ“‰ Underperformers,"smars, robots"
I made a Guitar Hero game using a Pimoroni Galactic Unicorn #raspberrypi #micropython #shorts,4262.0,23.783,4.0,0.285,0.03281320834522661,1,ðŸ“‰ Underperformers,"guitar, hero, game, pimoroni, galactic, unicorn, raspberrypi, micropython, shorts"
#Shorts - Jetson Nano Custom Object Detection - how to train your own AI,3793.0,21.6259,11.0,0.512,0.02328005805986293,1,ðŸ“‰ Underperformers,"shorts, jetson, nano, custom, object, detection, train"
Hi Barbie! Hey Ken! #barbie #robotics,6431.0,20.8149,9.0,0.364,0.03113333776393098,1,ðŸ“‰ Underperformers,"barbie, hey, ken, barbie, robotics"
I went to the thrift store and found,3270.0,20.6861,6.0,0.21,0.022724752006765797,1,ðŸ“‰ Underperformers,"went, thrift, store, found"
"Ultrasonic scanner, ready when you are!",7113.0,20.6644,17.0,0.153,0.034474478974883566,1,ðŸ“‰ Underperformers,"ultrasonic, scanner, ready"
Linux part 2/2,499.0,19.5923,0.0,0.759,0.018419985045070066,1,ðŸ“‰ Underperformers,"linux, part"
Cool thing I had to share #robotics #micropython #raspberrypi,2502.0,19.099,8.0,0.138,0.02554825342344232,1,ðŸ“‰ Underperformers,"cool, thing, share, robotics, micropython, raspberrypi"
Building the worlds most advanced Christmas Tree Bauble - Part 1,543.0,18.9634,2.0,0.955,0.01362318039223372,1,ðŸ“‰ Underperformers,"worlds, christmas, tree, bauble, part"
How to make a Robot Blush,2676.0,18.7078,17.0,0.329,0.03853226713476196,1,ðŸ“‰ Underperformers,"robot, blush"
What is a BrachioGraph? #raspberrypi #python #robot,3253.0,18.6249,4.0,0.243,0.028563195009648008,1,ðŸ“‰ Underperformers,"brachiograph, raspberrypi, python, robot"
OMG - I got recognised! #shorts,3602.0,18.514,7.0,0.021,0.0250731028399113,1,ðŸ“‰ Underperformers,"omg, recognised, shorts"
I made a thing #raspberrypi #pico #micropython,2776.0,18.5014,0.0,0.263,0.02069355663380902,1,ðŸ“‰ Underperformers,"thing, raspberrypi, pico, micropython"
SMARS Dumper Truck Trailer,558.0,18.1108,4.0,0.427,0.02222078148614594,1,ðŸ“‰ Underperformers,"smars, dumper, truck, trailer"
Chromium OS on Raspberry Pi,5065.0,17.1528,5.0,0.0,0.02410243535392853,1,ðŸ“‰ Underperformers,"chromium, raspberry"
I made a thing! #robotics #micropython #robots,2762.0,17.113,8.0,0.13,0.02286976871739567,1,ðŸ“‰ Underperformers,"thing, robotics, micropython, robots"
Setting up a Raspberry Pi plant sensor #shorts,4313.0,16.5609,5.0,0.15,0.02429098116466625,1,ðŸ“‰ Underperformers,"raspberry, plant, sensor, shorts"
Building the worlds most advanced Christmas Tree Bauble - Part 2,468.0,15.4659,3.0,1.019,0.01651569281388135,1,ðŸ“‰ Underperformers,"worlds, christmas, tree, bauble, part"
Look at this walking mechanism #robotics #micropython #python #raspberrypi #3dprinting,4071.0,14.9209,12.0,0.181,0.03318556853325228,1,ðŸ“‰ Underperformers,"look, walking, mechanism, robotics, micropython, python, raspberrypi"
Can robots dance? #python #robotics,3642.0,14.7954,10.0,0.145,0.025166887655524037,1,ðŸ“‰ Underperformers,"robots, dance, python, robotics"
There is something unholy in here #shorts,4441.0,14.0701,10.0,0.023,0.024931584981689056,1,ðŸ“‰ Underperformers,"there, something, unholy, here, shorts"
There is no Cake #shorts,4213.0,13.8095,12.0,0.077,0.02842894609986614,1,ðŸ“‰ Underperformers,"there, cake, shorts"
"Getting to Grips with InMoov,  Arm Update",611.0,13.3721,6.0,0.676,0.02946775629800931,1,ðŸ“‰ Underperformers,"grips, inmoov, arm, update"
How to make a robot blush #shorts,1832.0,12.6718,8.0,0.089,0.03226804114978853,1,ðŸ“‰ Underperformers,"robot, blush, shorts"
OMG look at this cute Robot! #robotics #micropython #python,3769.0,12.5043,8.0,0.15,0.02430683008314316,1,ðŸ“‰ Underperformers,"omg, look, cute, robot, robotics, micropython, python"
Robot Lab upgrades - for all the dangerous things,1141.0,12.2302,3.0,1.621,0.017145388126599506,1,ðŸ“‰ Underperformers,"robot, lab, upgrades, dangerous, things"
BROKEN VERSION - SEE Comments for new link - DIY AI: Build and Train Your Own Model with PyTorch!,238.0,11.8273,1.0,0.43,0.020066804850498225,1,ðŸ“‰ Underperformers,"broken, version, see, comments, link, diy, build, train, model, pytorch"
GY-271 Soldering and 3d printing a module to fit it to a SMARS Robot,673.0,11.698,0.0,0.762,0.013082631096983266,1,ðŸ“‰ Underperformers,"soldering, printing, module, fit, smars, robot"
Build Your Own AI Part 5 - Calendar Skill #Trailer,2230.0,11.5897,15.0,1.527,0.034929877827651036,1,ðŸ“‰ Underperformers,"build, part, calendar, skill, trailer"
Cyberdog Walkabout #Short,1052.0,11.4266,2.0,1.67,0.020668060490975096,1,ðŸ“‰ Underperformers,"cyberdog, walkabout, short"
SMARS Short - How to make a Robot Dance,1913.0,11.0293,6.0,0.084,0.02332130323277196,1,ðŸ“‰ Underperformers,"smars, short, robot, dance"
Cyberdog - RGB LED Coat for my Dog - part 1,872.0,10.6971,1.0,1.594,0.01513011129059013,1,ðŸ“‰ Underperformers,"cyberdog, rgb, led, coat, dog, part"
My top 10 Programming tips for coding SMARS Robots,369.0,10.664,2.0,0.389,0.020777695316438187,1,ðŸ“‰ Underperformers,"programming, coding, smars, robots"
Ghostbusters Wifi Scanner #short,1224.0,10.5472,4.0,0.333,0.021475751320363213,1,ðŸ“‰ Underperformers,"ghostbusters, wifi, scanner, short"
Arduino Plug and Make Kit part 2,297.0,10.5355,0.0,0.216,0.023717414045625315,1,ðŸ“‰ Underperformers,"arduino, plug, kit, part"
"Raspberry Pi RP2040 powered Gort, from the movie The Day The Earth Stood Still.",2983.0,10.1126,5.0,0.132,0.01773691387019341,1,ðŸ“‰ Underperformers,"raspberry, powered, gort, movie, day, earth, stood, still"
You can be anything #barbie #barbenheimer #robots,2490.0,9.8302,3.0,0.185,0.024960318988039555,1,ðŸ“‰ Underperformers,"anything, barbie, barbenheimer, robots"
Monster mash,1791.0,9.7863,0.0,0.0,0.040164915241398945,1,ðŸ“‰ Underperformers,"monster, mash"
Can you power a #RaspberryPi #Pico using Potatoâ€™s?,2333.0,9.6356,4.0,0.139,0.018588876183870753,1,ðŸ“‰ Underperformers,"power, raspberrypi, pico, potato"
MacBook Pro M1 unboxing,185.0,9.6252,2.0,0.091,0.02943293331224576,3,ðŸ“‰ Underperformers,"macbook, unboxing"
I took the New York Helicopter ride in 2024,636.0,9.624,0.0,0.564,0.03343583245800459,1,ðŸ“‰ Underperformers,"york, helicopter, ride"
Look what I found! #starwars #robots #c3po,1165.0,9.5936,3.0,0.101,0.016680718056807688,1,ðŸ“‰ Underperformers,"look, found, starwars, robots"
SMARS Bluetooth Remote Control - Stunts!,1041.0,9.5417,1.0,0.661,0.02420452029213596,1,ðŸ“‰ Underperformers,"smars, bluetooth, remote, control, stunts"
My dream of having robot arms on my desk too help filming is coming true! @waveshareelectronics,2233.0,9.1272,2.0,0.179,0.02313342424099613,1,ðŸ“‰ Underperformers,"dream, having, robot, arms, desk, help, filming, coming, true, waveshareelectronics"
"Burgerbot v2, now quicker on the draw. Subscribe for more robot, raspberry Pi and Micropython stuff",2096.0,9.1261,4.0,0.023,0.01968185527537881,1,ðŸ“‰ Underperformers,"burgerbot, quicker, draw, subscribe, robot, raspberry, micropython, stuff"
Building the worlds most advanced Christmas Tree Bauble - Part 4,427.0,8.6454,-2.0,0.409,0.0017845148092153695,1,ðŸ“‰ Underperformers,"worlds, christmas, tree, bauble, part"
laser part 2,190.0,8.442,1.0,0.325,0.02933284702700094,1,ðŸ“‰ Underperformers,"laser, part"
Raspberry Pi 5 announced #raspberrypi #raspberrypi5 #rpi5,1986.0,8.2368,8.0,0.133,0.01897665666155643,1,ðŸ“‰ Underperformers,"raspberry, announced, raspberrypi"
Are ðŸ¤– robot kits from Wish.com any good? Letâ€™s find out! #robotics #wish #stem,2375.0,8.0282,3.0,0.149,0.01808568126318608,1,ðŸ“‰ Underperformers,"robot, kits, wish, com, good, let, find, out, robotics, wish, stem"
There is something unholy in hereâ€¦,1846.0,7.74,5.0,0.004,0.017441781795921207,1,ðŸ“‰ Underperformers,"there, something, unholy, here"
The worlds most advanced Christmas Tree Bauble,1707.0,7.512,3.0,0.046,0.022501631642002445,1,ðŸ“‰ Underperformers,"worlds, christmas, tree, bauble"
Meet Thinkman - the Raspberry Pi powered offline portable AI. #raspberrypi #ollama #ai,2624.0,7.0181,0.0,0.144,0.020298471339633466,1,ðŸ“‰ Underperformers,"meet, thinkman, raspberry, powered, offline, portable, raspberrypi, ollama"
Halloween Spider - Part 1,143.0,6.8799,0.0,0.312,0.012280743822181996,1,ðŸ“‰ Underperformers,"halloween, spider, part"
I got a surprise gift from YouTube! #youtubehighfive,1362.0,6.5078,3.0,0.158,0.01949659169262144,1,ðŸ“‰ Underperformers,"surprise, gift, youtube, youtubehighfive"
Building the worlds most advanced Christmas Tree Bauble - Part 3,277.0,6.4617,0.0,0.262,0.006290367178064831,1,ðŸ“‰ Underperformers,"worlds, christmas, tree, bauble, part"
Hewenden Viaduct,239.0,6.0409,1.0,0.112,0.05799954873488648,1,ðŸ“‰ Underperformers,"hewenden, viaduct"
Teaser - Every Sunday at 7pm,904.0,5.7385,8.0,1.331,0.02198914743034832,1,ðŸ“‰ Underperformers,"teaser, sunday"
1000 Subscribers video - #Makeitcount,304.0,5.664,6.0,0.083,0.03433896607760893,1,ðŸ“‰ Underperformers,"subscribers, video, makeitcount"
We broke Eben! #raspberrypi5 #raspberrypi #rpi5,1202.0,5.2458,1.0,0.076,0.016254334352715106,1,ðŸ“‰ Underperformers,"broke, eben, raspberrypi"
The ultimate birthday card? #robotics #micropython #pico #raspberrypi,1448.0,5.1528,0.0,0.069,0.014353428816183959,1,ðŸ“‰ Underperformers,"birthday, card, robotics, micropython, pico, raspberrypi"
Voltara Speaks! Subscribe for more robots! #raspberrypi #micropython,844.0,5.1023,2.0,0.062,0.016607764170656545,1,ðŸ“‰ Underperformers,"voltara, speaks, subscribe, robots, raspberrypi, micropython"
I made a tiny arcade machine! #micropython #raspberrypi4 #raspberrypi,1404.0,5.06,2.0,0.144,0.020041627176748414,1,ðŸ“‰ Underperformers,"tiny, arcade, machine, micropython, raspberrypi"
DO NOT WATCH See Comment - Raspberry Pi AI Camera - Deep Dive,348.0,4.9318,3.0,1.189,0.02146142964472167,1,ðŸ“‰ Underperformers,"not, watch, see, comment, raspberry, camera, deep, dive"
We are the Robots! Here are a couple of builds from my robot lab. #shorts,945.0,4.7206,1.0,0.023,0.01215789541660051,1,ðŸ“‰ Underperformers,"robots, here, couple, robot, lab, shorts"
Three AIs walk into a barâ€¦ #raspberrypico #micropython #chatgpt,1044.0,4.5275,0.0,0.052,0.01374487805261481,1,ðŸ“‰ Underperformers,"three, ais, walk, bar, raspberrypico, micropython, chatgpt"
How many robots do I have?? ðŸ¤–ðŸ”¥#shorts,808.0,4.4877,1.0,0.093,0.017464891166972134,1,ðŸ“‰ Underperformers,"robots, shorts"
What is Chat GPT 4? #python #robotics #ai,841.0,4.4397,0.0,0.029,0.008815162899768606,1,ðŸ“‰ Underperformers,"chat, gpt, python, robotics"
I made a chicken nugget Pianoâ€¦ using #circuitpython a #raspberrypipico and some Nuggets.,629.0,4.0089,0.0,0.066,0.013392384130629603,1,ðŸ“‰ Underperformers,"chicken, nugget, piano, circuitpython, raspberrypipico, nuggets"
Who you gonna call?,1249.0,3.9461,0.0,0.02,0.01528946112103515,1,ðŸ“‰ Underperformers,"gonna, call"
What does a robot see? Letâ€™s find out! ðŸ¤–ðŸ‘€ #robotics #micropython #python #raspberrypi,821.0,3.8311,0.0,0.025,0.008604912075399311,1,ðŸ“‰ Underperformers,"robot, see, let, find, out, robotics, micropython, python, raspberrypi"
"So many things to review - the Smart CuteBot, Arducam TOF, Pimoroni Pico System, Maker & Seeed stuff",1316.0,3.8301,2.0,0.051,0.015183908004587188,1,ðŸ“‰ Underperformers,"things, review, smart, cutebot, arducam, tof, pimoroni, pico, system, maker, seeed, stuff"
I found this footage - are these Backroom Bots?,633.0,3.7252,3.0,0.013,0.019681285693712205,1,ðŸ“‰ Underperformers,"found, footage, backroom, bots"
"Itâ€™s cute, but what is it?",1073.0,3.5262,2.0,0.014,0.01718537594944406,1,ðŸ“‰ Underperformers,cute
SMARS Quad Morse Code #Shorts,755.0,3.5194,1.0,0.05,0.013325391590655097,1,ðŸ“‰ Underperformers,"smars, quad, morse, code, shorts"
SG90 Servos - Teaser,501.0,3.4779,0.0,0.34,0.01588870600139329,1,ðŸ“‰ Underperformers,"servos, teaser"
"Minnie likes Chip tune music, specifically Robocop for the ZX Spectrum 128k",356.0,3.4597,3.0,0.33,0.019743298124835905,1,ðŸ“‰ Underperformers,"minnie, likes, chip, tune, music, specifically, robocop, spectrum"
CuteBot! #shorts,1013.0,3.4586,1.0,0.039,0.017255624397030274,1,ðŸ“‰ Underperformers,"cutebot, shorts"
Work in progress - worlds most over-engineered Christmas tree bauble,774.0,3.044,0.0,0.013,0.016370357553793652,1,ðŸ“‰ Underperformers,"progress, worlds, engineered, christmas, tree, bauble"
